,sentence,canonical_aspect,raw_aspects,aspect_categories,sentiments,tones,avg_confidence
451,This represents a 46% reduction in absolute emissions compared with 2019.,absolute emissions reduction,"Reduction in absolute emissions, Reduction in emissions",E,positive,outcome,0.875
424,"The widespread deployment of telecommunications towers ensures fast and stable internet access, opening doors to the economic opportunities and improving overall quality of life.",access to essential services,Access to Essential Services,S,positive,action,0.85
425,"The widespread deployment of telecommunications towers ensures fast and stable internet access, opening doors to the economic opportunities and improving overall quality of life.",access to technology,Access to Technology,S,positive,action,0.85
256,Japfa berhasil mengekspor ayam hidup ke Singapura untuk pertama kalinya. Hal ini menunjukkan dedikasi Japfa terhadap keamanan produk dan kesejahteraan hewan.,animal welfare and product safety,"Animal Welfare, Animal Welfare & Product Safety, animal welfare",S,positive,outcome,0.8966666667
541,We have a zero-tolerance policy for corruption.,anti-corruption policy,Anti-Corruption Policy,G,neutral,commitment,0.97
246,Income from Operations / Total Assets ▼ -21.63%,asset utilization,Asset Utilization,G,negative,outcome,0.8
423,"The selection of the external assurance provider adhered strictly to the company's procurement policies, ensuring expertise, strong reputation, and no conflicts of interest.",assurance provider selection,Assurance provider selection,G,positive,outcome,0.9
501,We are committed to protecting biodiversity in the areas where we operate.,biodiversity protection,Biodiversity Protection,E,positive,commitment,0.95
349,Peningkatan penggunaan bahan bakar biofuel (B35) di wilayah operasional,biofuel adoption,biofuel adoption,E,positive,action,0.85
351,Peningkatan penggunaan bahan bakar biofuel (B35) di wilayah operasional;,biofuel adoption,Biofuel Adoption,E,positive,action,0.85
350,Peningkatan penggunaan bahan bakar biofuel (B35) di wilayah operasional,biofuel usage,Biofuel Usage,E,positive,action,0.85
113,"All sustainability data, disclosures, and claims presented in this report have been reviewed and approved by the Board of Directors and Board of Commissioners [GRI 2-14].",board approval,Board approval,G,neutral,outcome,0.9
414,"The NGSRC is also briefed on the impact of HP's operations on employees, customers, suppliers, partners, and communities worldwide; supply chain, environment, and sustainability performance; and HP's annual Sustainable Impact Report.",board briefings on sustainability,"Board Briefing, Board Briefing on Sustainability, board briefings on sustainability",E-S-G,neutral,outcome,0.8833333333
413,"The HP Board of Directors' Nominating, Governance, and Social Responsibility Committee (NGSRC) oversees, periodically reviews, and, as appropriate, makes recommendations to the board on the strategic priorities and investments related to sustainability and social impact.",board oversight of sustainability,"Board Oversight, Board Oversight of Sustainability, board oversight of sustainability",E-S-G,neutral,action,0.89
301,Manajemen akan terus mengembangkan dan mempromosikan program ini dalam rangka mencegah dan mendeteksi potensi pelanggaran peraturan atau etika bisnis sehingga dapat menciptakan iklim kerja yang lebih transparan serta mencegah praktik penyimpangan dan kecurangan di Perusahaan.,business ethics and transparency,"business ethics, business ethics and transparency",G,positive,action,0.9
421,The management will continue to develop and promote this program to prevent and detect potential violations of regulations or business ethics to create a more transparent work climate and avoid the practice of irregularities and fraud in the Company.,business ethics and transparency,business ethics,G,positive,action,0.85
442,This change of name also marks the start of the new journey for the Company as a company that focuses on the property sector.,business focus,business focus,G,neutral,outcome,0.7
195,"Erajaya Group menjalankan kegiatan usaha distribusi dan perdagangan ritel perangkat telekomunikasi selular seperti telepon selular dan tablet, subscriber identity module card (SIM Card), voucher isi ulang operator jaringan selular, aksesoris, serta gadget seperti komputer dan perangkat elektronik lainnya.",business operations,business operations,G,neutral,outcome,0.85
460,To be the best services provider of telecommunication infrastructure and utilities.,business strategy,Business Strategy,G,neutral,commitment,0.9
366,Perusahaan menjadikan tantangan ekonomi global sepanjang tahun 2023 sebagai sebuah kesempatan untuk memperkuat sinergi usaha secara menyeluruh.,business synergy,business synergy,G,positive,outcome,0.9
286,Kolaborasi dengan mitra dalam penerapan praktik sirkular ini memperkuat daya tahan bisnis sekaligus mengurangi jejak karbon.,carbon footprint reduction,"Carbon Footprint Reduction, carbon footprint reduction",E-S,positive,outcome,0.91
327,Our environmental initiatives focus on reducing our carbon footprint and conserving natural resources.,carbon footprint reduction,Carbon footprint reduction,E,positive,commitment,0.85
433,"These initiatives track and offset the carbon footprint of eligible commercial HP products through certified global programs, ensuring that devices remain carbon neutral throughout their entire lifecycle.",carbon footprint tracking and offsetting,"Carbon footprint tracking and offsetting, Tracking and offsetting carbon footprint",E,positive,action,0.875
211,HP's Carbon Neutral Computing Services help organizations achieve their climate goals through HP's Carbon Neutral services.,carbon neutral computing services,Carbon Neutral Computing Services,E-S,positive,action,0.9
116,"As part of our ongoing efforts to measure and reduce the environmental impact of our products, we help organizations achieve their climate goals through HP's Carbon Neutral services.",carbon neutral services,Carbon Neutral services,E-S,positive,action,0.85
385,"Sejalan dengan kebijakan pemerintah mengenai ekonomi, kami mengupayakan pencapaian target karbon netral pada tahun 2050 dan dapat bebas emisi gas rumah kaca (GRK) pada tahun 2055.",carbon neutrality target,"Carbon Neutrality Target, carbon neutrality target",E-G,positive,commitment,0.9066666667
119,As we develop and expand our service-based models—which we refer to as circular business solutions—we will continue to study and quantify the potential they have to reduce environmental impacts and drive progress toward a more circular and net-zero carbon economy.,circular business solutions,Circular business solutions,E,neutral,commitment,0.875
140,CPIN berupaya mengintegrasikan prinsip ekonomi sirkular ke dalam semua aspek operasional untuk meminimalkan dampak lingkungan.,circular economy,"Circular Economy, circular economy",E,positive,action,0.8666666667
208,"HP has joined industry peers in advancing circular design through the Circular Electronics Partnership with the Circular Electronics Design Guide. As a member of the Ellen MacArthur Foundation's Network, we collaborate to make the circular economy a reality.",circular economy,"Circular Design Collaboration, Circular Economy, circular economy initiatives",E-S,positive,action,0.95
532,"We engaged in initiatives focused on increasing support for clean energy and combating climate change, including the Responsible Business Alliance, Clean Energy Buyers Association, RE100, EV100, Carbon Disclosure Project's Supply Chain membership, Business Ambition for 1.5°C, and Center for Climate and Energy Solutions' Business Environmental Leadership Council.",clean energy and climate change,"Clean Energy and Climate Change, Clean Energy and Climate Change Initiatives, climate change initiatives",E-S-G,positive,action,0.95
117,"As seen in previous years, various challenges such as shifts in consumer behavior, geopolitical tensions, and climate change issues have made the implementation of sustainable finance principles even more relevant.",climate change,climate change,E-G,neutral,outcome,0.75
151,"Dalam menghadapi tantangan perubahan iklim, kami telah memproyeksikan berbagai skenario, seperti peningkatan suhu ekstrem, dan mengadaptasi operasional lini bisnis Farm dengan menyesuaikan suhu kandang guna menjaga kesejahteraan ternak.",climate change adaptation,"Climate Change Adaptation, climate change adaptation",E-S,positive,action,0.8966666667
441,"This aspiration aims to enable BRI's transformation to be carried out by integrating climate risk in all aspects of both business and operations, as well as increasing financial inclusion.",climate risk integration,climate risk integration,E-S-G,positive,commitment,0.875
547,We have implemented a robust code of ethics and conduct.,code of ethics,Code of ethics,G,positive,outcome,0.87
556,"We will continue to build on this momentum, committed to a future that delivers opportunity, purpose, and resilience for everyone.",commitment to sustainability,commitment to sustainability,E-S-G,positive,commitment,0.9
310,"Mitratel berkomitmen untuk terus tumbuh dan berkembang bersama lingkungan, masyarakat, dan tata kelola perusahaan dengan menciptakan hubungan yang harmonis dengan lingkungan dan masyarakat sekitar.",commitment to sustainable growth,commitment to sustainable growth,E-S-G,positive,commitment,0.95
510,"We are determined to make the PIK 2 area the most complete residential area for all by providing the comfort and convenience of a vibrant, dynamic, and multicultural lifestyle.",community development,"Community Development, community development",S,positive,commitment,0.8766666667
201,"FKS Multi Agro juga terus berkomitmen untuk menjalankan berbagai flagship program terkait pengembangan masyarakat seperti Tempe Park, proyek Tanjung Jabung dan berbagai program lain yang mengedepankan kolaborasi dan kontribusi berkelanjutan kepada masyarakat khususnya masyarakat yang berada di sekitar wilayah operasional Perusahaan.",community development,"community development, community development programs",S,positive,commitment,0.875
181,"Dukungan teknis, pelatihan berkelanjutan, serta perluasan akses pasar diberikan untuk memberdayakan mitra, mendorong efisiensi produksi dan peningkatan kesejahteraan.",community development,community development,S,positive,action,0.9
183,"During the year, we continue with the construction of Tempe Park, our tofu and tempe center of excellence, as research development and training center, located in Bogor, West Java.",community development,community development,S,positive,action,0.85
242,"Inclusive and widespread connectivity enables critical sectors such as agriculture, education, healthcare, and tourism in rural and remote regions to thrive alongside urban centers.",community development,Community Development,S,positive,outcome,0.85
261,"Kami bertekad menjadikan kawasan PIK 2 sebagai kawasan hunian terlengkap untuk semua dengan menyajikan kenyamanan dan kemudahan gaya hidup yang bersemangat, dinamis dan multikultur.",community development,Community Development,S,positive,commitment,0.9
265,Kami juga telah membantu pembangunan sarana dan prasarana penyediaan air bersih untuk membantu masyarakat mengatasi kekeringan serta membantu korban bencana erupsi Gunung Semeru.,community development,Community Development,S,positive,outcome,0.95
172,"Di bawah payung MPMBerbagi, Perseroan terlibat aktif dalam berbagai kegiatan peduli bencana (alam dan non-alam) dan kegiatan kemanusiaan lainnya.",community engagement,"Community Involvement, Philanthropy, disaster relief and humanitarian aid",S,positive,action,0.8733333333
379,"Sebagai bagian integral dari strategi bisnis, CPIN memperkuat kolaborasi dengan petani, pemasok, dan komunitas lokal.",community engagement,"Community Engagement, Community Involvement, stakeholder engagement",S,positive,action,0.9
536,"We gain valuable insight into our Sustainable Impact strategy through regular engagement with a range of internal and external stakeholders, including employees, customers, suppliers, investors, peer companies, policymakers, industry bodies, nongovernmental organizations (NGOs), and sector experts.",community engagement,"Stakeholder Engagement, stakeholder engagement",S-G,positive,action,0.89
380,"Sebagai bagian yang hidup di tengah masyarakat, Perseroan menyadari pentingnya untuk bisa merasakan dan berkontribusi atas setiap permasalahan sosial yang timbul.",community engagement,"Community Engagement, community engagement",S,positive,commitment,0.905
558,"Within the scope of sustainable governance, BRI identifies material issues through the perspective of its stakeholders.",community engagement,stakeholder engagement,S-G,neutral,action,0.825
155,"Dalam pengembangan usahanya, Mitratel berkomitmen penuh untuk menjalin kolaborasi dan sinergi yang kokoh dengan para pemangku kepentingan dengan memposisikan diri sebagai Partner untuk membangun aspek sosial dan ekonomi, serta bersama-sama memitigasi dan mengatasi tantangan untuk pencapaian tujuan keberlanjutan, yakni kesejahteraan seluruh pemangku kepentingan serta kelestarian lingkungan.",community engagement,Stakeholder Engagement,E-S-G,positive,commitment,0.95
158,"Dalam pengembangan usahanya, Mitratel berkomitmen penuh untuk menjalin kolaborasi dan sinergi yang kokoh dengan para pemangku kepentingan dengan memposisikan diri sebagai Partner untuk membangun aspek sosial dan ekonomi, serta bersama-sama memitigasi dan mengatasi tantangan untuk pencapaian tujuan keberlanjutan.",community engagement,Stakeholder Engagement,S-G,positive,commitment,0.9
161,"Dari aspek sosial, tahun 2021 kami banyak terlibat dalam berbagai kegiatan sosial, khususnya dalam penanggulangan pandemi Covid-19.",community engagement,Community Involvement,S,positive,outcome,0.8
188,"Engagement with a range of stakeholders including employees, investors, suppliers, customers, peer companies, public policymakers, industry bodies, nongovernmental organizations (NGOs), and sector experts.",community engagement,stakeholder engagement,S-G,neutral,action,0.9
233,"In developing its business, Mitratel is fully committed to establishing strong collaboration and synergy with stakeholders by positioning itself as a Partner to develop social and economic aspects, as well as jointly mitigating and overcoming challenges to achieving sustainability goals.",community engagement,Stakeholder Engagement,E-S-G,positive,commitment,0.9
437,These towers are not merely signal transmitters—they stand as powerful symbols of our commitment to actually unity Indonesia.,community engagement,Community Engagement,S,positive,commitment,0.8
465,To contribute and participate in carrying out the growth of national development.,community engagement,Community Engagement,S,positive,commitment,0.85
490,We actively engage with our stakeholders to understand their concerns.,community engagement,Stakeholder engagement,S-G,positive,action,0.85
495,We are actively engaged in community outreach programs.,community engagement,Community Engagement,S,positive,action,0.88
362,Perseroan peduli akan pentingnya sanitasi yang layak dan memenuhi standar kebersihan di tengah masyarakat.,community health,"Community Health, community sanitation",S,positive,commitment,0.91
306,Melalui pemenuhan standar tersebut diharapkan meningkatkan kesehatan masyarakat.,community health,Community Health,S,positive,outcome,0.88
535,We focus on creating lasting impact in the communities we serve and helping prepare the next generation for what's ahead.,community impact,community impact,S,positive,commitment,0.9
406,"Supported by strategic investments in fiber optic networks, 5G technology, and digital literacy, these towers are not merely signal transmitters—they stand as powerful symbols of our commitment to actually unity Indonesia.",community investment,Community Investment,S,positive,action,0.9
266,Kami juga telah membantu pembangunan sarana dan prasarana penyediaan air bersih untuk membantu masyarakat mengatasi kekeringan serta membantu korban bencana erupsi Gunung Semeru.,community support,Community Support,S,positive,outcome,0.9
334,"Over its 129-year journey, BRI has consistently grown and developed, providing exceptional services to the nation while adhering to its commitment to sustainability values.",company growth and sustainability,Company growth and sustainability,E-S-G,positive,outcome,0.9
537,"We give thanks to God Almighty for His blessings, which have enabled PT Bank Rakyat Indonesia (Persero) Tbk — hereinafter referred to as the 'Company' or 'BRI' — to successfully navigate various risks and challenges throughout 2024.",company performance,Company performance,G,positive,outcome,0.9
199,"Established in 1996, Erajaya Group is one of the largest and most trusted companies in Indonesia",company reputation,Company Reputation,G,positive,outcome,0.9
461,To be the best services provider of telecommunication infrastructure and utilities.,company vision,company vision,G,neutral,commitment,0.93
292,Komitmen tersebut juga ditujukan untuk menciptakan nilai tambah bagi kami dalam persaingan usaha di industri sejenis yang semakin ketat.,competitive advantage through sustainability,competitive advantage through sustainability,G,positive,commitment,0.78
543,"We have conducted LCAs and PCFs for hundreds of products over the last several years, spanning our product portfolio.",conducting lcas and pcfs,Conducting LCAs and PCFs,E,positive,outcome,0.825
231,"In 2024, we: Conducted or updated 345 LCAs of DesignJet printers, scanners, enterprise printers, and cartridges.",conducting or updating lcas,Conducting or updating LCAs,E,positive,outcome,0.85
144,"Conducted or updated 658 PCFs of business HP desktops, notebooks, tablets, workstations, thin clients, all-in-one computers, and displays.",conducting or updating pcfs,Conducting or updating PCFs,E,positive,outcome,0.85
466,To contribute and participate in carrying out the growth of national development.,contribution to national development,contribution to national development,S,positive,commitment,0.9
482,"Untuk mengelola dan meningkatkan pencapaian sasaran hasil usaha dan mengoptimalkan nilai Perseroan bagi seluruh pemangku kepentingan secara berkelanjutan diperlukan sistem dan struktur tata kelola yang tunduk atas ketentuan hukum yang berlaku dan memegang teguh moral, etika dalam berbisnis.",corporate governance,"Corporate Governance, corporate governance",G,positive,commitment,0.8466666667
134,BRI's commitment to sustainable business practices is also evident in its implementation of good corporate governance.,corporate governance,"corporate governance, good corporate governance",G,positive,outcome,0.825
395,"Selain mentaati seluruh regulasi yang melekat, kami juga menjalankan praktik tata kelola perusahaan yang baik, juga beragam inisiatif di dalam kegiatan sosial dan pengembangan masyarakat serta perilaku yang bertanggung jawab kepada lingkungan hidup.",corporate governance,"Corporate Governance, Governance, Social and Environmental Practices",E-S-G,positive,action,0.92
218,"Hasil penilaian penerapan GCG berdasarkan parameter ACGS(3) dengan peringkat ""Leadership in Corporate Governance""",corporate governance,Corporate Governance,G,positive,outcome,0.9
264,Kami juga semakin memperkuat tata kelola Perusahaan dengan mengadopsi kemajuan teknologi serta mendigitalisasi proses-proses di Perusahaan agar lebih efisien.,corporate governance,Corporate Governance,G,positive,action,0.85
311,"Mitratel berkomitmen untuk terus tumbuh dan berkembang bersama lingkungan, masyarakat, dan tata kelola perusahaan dengan menciptakan hubungan yang harmonis dengan lingkungan dan masyarakat sekitar.",corporate governance,Corporate Governance,E-S-G,positive,commitment,0.9
509,We are dedicated to upholding the highest standards of corporate governance.,corporate governance,Corporate Governance,G,positive,commitment,0.93
523,We are strengthening our corporate governance practices.,corporate governance,corporate governance,G,positive,action,0.91
553,We strive to maintain the highest standards of corporate governance.,corporate governance,Corporate governance,G,positive,commitment,0.9
336,"Pada tahun ini, kami juga semakin memperkuat tata kelola Perusahaan dengan mengadopsi kemajuan teknologi serta mendigitalisasi proses-proses di Perusahaan agar lebih efisien.",corporate governance & digitalization,Corporate Governance & Digitalization,G,positive,action,0.9
229,"In 2023, we strengthened this commitment by changing the company name from PT Pratama Abadi Nusa Industri Tbk to PT Pantai Indah Kapuk Dua Tbk.",corporate rebranding,Corporate Rebranding,G,neutral,outcome,0.8
322,One of the major steps taken by the Company was to change its name to PT Pantai Indah Kapuk Dua Tbk.,corporate restructuring,corporate restructuring,G,neutral,outcome,0.75
376,"Sebagai bagian dari warga korporasi yang baik, kami berkomitmen untuk ambil bagian dan peduli terhadap isu-isu sosial dan lingkungan hidup.",corporate social responsibility,"Corporate Social Responsibility, corporate social responsibility",E-S,positive,commitment,0.96
124,"At HP, we have a powerful opportunity to do both while serving as a force for good in the world.",corporate social responsibility,"corporate responsibility, corporate social responsibility",E-S,positive,commitment,0.91
150,Dalam mencapai tujuan pertumbuhannya Perseroan telah berkomitmen dan terus memperbaiki dirinya untuk menjadi Corporate Citizenship yang baik.,corporate social responsibility,"Corporate Citizenship, Corporate Social Responsibility",S-G,positive,commitment,0.84
251,"Integritas, Semangat Kepeloporan, Tanggung Jawab, Saling Menghormati",corporate values,"Corporate Values, corporate values",G,neutral,commitment,0.775
453,"This vision is grounded in our values of integrity, trust, and an unwavering commitment to people and the planet.",corporate values,corporate values,E-S-G,positive,commitment,0.875
326,"Our commitment is grounded in our values of integrity, trust, and an unwavering commitment to people and the planet.",corporate values and sustainability commitments,"Commitment to People and Planet, corporate values and commitments",E-S-G,positive,commitment,0.9333333333
145,Cost of Goods Sold 2015 +40.57%,cost of goods sold,Cost of Goods Sold,G,neutral,outcome,0.9
273,Kami senantiasa berkomitmen untuk berinvestasi pada aspek hubungan pelanggan dan community engagement melalui BOLA Bonanza dan beberapa kegiatan customer gathering.,customer engagement,"customer and community engagement, customer engagement",S,positive,commitment,0.875
528,We continue to invest in our customer relations and community engagement through BOLA Bonanza and several customer gatherings.,customer relations,customer relations,S,positive,action,0.8
147,Customer Oriented Providing the best service for customer satisfaction.,customer satisfaction,customer satisfaction,S,positive,commitment,0.9
282,"Karena itu, Perseroan berupaya untuk memberikan layanan terbaik kepada seluruh pelanggan agar dapat menghadirkan layanan yang reliable dan always on.",customer service,Customer Service,S,positive,commitment,0.825
430,"Therefore, the Company strives to provide the best service to all customers in order to provide reliable and always on service.",customer service,Customer Service,S,positive,commitment,0.8
138,"Building on this impact, we are empowering our customers to create positive business value while reducing their environmental footprint.",customer sustainability,"customer sustainability, customer sustainability empowerment",E-S,positive,action,0.925
219,"However, the digital transformation also brings new challenges, including cybersecurity threats, misinformation, and social polarization.",cybersecurity,Cybersecurity,G-S,negative,outcome,0.9
269,"Kami menyempurnakan Japfa Sustainability Reporting System (JSRS) dengan menambahkan cakupan yang relevan, sehingga secara signifikan meningkatkan kelengkapan dan akurasi data.",data accuracy and completeness,data accuracy and completeness,G,positive,action,0.87
419,"The data presented reflects BRI's sustainability activities and performance for the fiscal year 2024, covering the period from January 1 to December 31, 2024.",data period,Data period,G,neutral,outcome,0.8
439,"This Sustainability Report includes economic, environmental and social performance data that is not audited by external parties, but the Company ensures that the data presented is consistent with internal reports.",data transparency,data transparency,G,neutral,outcome,0.7
276,Kami telah menetapkan strategi jangka menengah dan jangka panjang dalam upaya pencapaian target tersebut,decarbonization strategy,decarbonization strategy,E,positive,commitment,0.8
392,"Selain mengimplementasikan Harum Energy Climate Strategy and Decarbonisation Roadmap yang ditargetkan untuk mencapai net zero emisi di tahun 2055, Perseroan juga terus mengoptimalkan diversifikasi produk dan layanan ke bijih nikel, sebagai sumber energi yang lebih ramah lingkungan.",decarbonization strategy,Decarbonization Strategy,E-G,positive,action,0.9
432,"These improvements were driven by ongoing design advancements, such as more efficient central processing units (CPUs), panels, and power supplies, which continue to lower the typical energy use of our notebooks, workstations, and displays.",design advancements for energy efficiency,Design advancements for energy efficiency,E,positive,outcome,0.875
457,"Through our digital equity programs, we have reached 65 million people since 2021—opening doors to education and economic advancement around the world.",digital equity,"digital equity, digital equity programs",S,positive,outcome,0.9333333333
534,"We engaged with nonprofits embedded in disconnected communities through HP's Digital Equity Accelerator, providing them with monetary grants and resources to bridge the digital divide.",digital equity initiatives,digital equity initiatives,S,positive,action,0.95
446,"This includes our partnership with YMCA. Since 2022, we have partnered to establish more than 320 Digital Hubs across 14 countries, reaching more than 700,000 people.",digital partnerships for inclusion,"partnerships for digital equity, partnerships for digital inclusion",S,positive,outcome,0.925
189,"Erajaya Group also developed electronic-based selling (""e-commerce"") through www.erafone.com in early 2012.",digital transformation,"Digital Transformation, digitalization",G,neutral,outcome,0.775
294,Langkah sinergis ini diwujudkan melalui penerapan digitalisasi yang menyeluruh dan bertujuan untuk mengintegrasikan setiap kegiatan operasional Perusahaan mulai dari layanan jasa pelabuhan sampai jasa transportasi.,digital transformation,digitalization,G,positive,action,0.85
320,"Namun, transformasi digital juga membawa tantangan yang mulai dari ancaman keamanan siber, penyebaran disinformasi, hingga pereksi disrupai sosial.",digital transformation risks,digital transformation risks,G-S,negative,outcome,0.92
167,"Dengan membaca atau menggunakan Laporan ini, pembaca mengakui dan menyetujui ketentuan yang diuraikan dalam Sanggahan dan Batasan Tanggung Jawab ini.",disclaimer acceptance,disclaimer acceptance,G,neutral,outcome,0.85
420,"The disclosure approach follows the recommendations of the International Financial Reporting Standards (IFRS) S1 and S2 issued by the the International Sustainability Standard Board (ISSB), along with the Task Force on Climate-Related Financial Disclosures (TCFD).",disclosure approach,Disclosure approach,G,neutral,outcome,0.9
359,"Perseroan juga terus mengoptimalkan diversifikasi produk dan layanan ke bijih nikel, sebagai sumber energi yang lebih ramah lingkungan.",diversification to nickel,diversification to nickel,E-G,positive,action,0.85
393,"Selain mengimplementasikan Harum Energy Climate Strategy and Decarbonisation Roadmap yang ditargetkan untuk mencapai net zero emisi di tahun 2055, Perseroan juga terus mengoptimalkan diversifikasi produk dan layanan ke bijih nikel, sebagai sumber energi yang lebih ramah lingkungan.",diversification to nickel,Diversification to Nickel,,,,0.85
496,We are committed to diversity and inclusion in the workplace.,diversity and inclusion,diversity and inclusion,S,positive,commitment,0.97
499,We are committed to fostering a diverse and inclusive workplace.,diversity and inclusion,Diversity and inclusion,S,positive,commitment,0.9
179,Dividend Payout Ratio 27.45%,dividend policy,Dividend Policy,G,neutral,outcome,0.7
343,Penggunaan kemasan dengan material yang ramah lingkungan atau dapat didaur ulang,eco-friendly packaging,Eco-Friendly Packaging,E,positive,action,0.8
302,"Meanwhile, these efforts are a tangible manifestation of BRI's consistency in supporting the increase in economic and social value of the Indonesian people.",economic and social value,economic and social value,S,positive,outcome,0.875
315,Mitratel menyadari sektor telekomunikasi memiliki peran yang sangat besarnya dalam mendukung kegiatan ekonomi untuk meningkatkan kesejahteraan masyarakat.,economic contribution of telecommunications,economic contribution of telecommunications,S,positive,outcome,0.85
317,Mitratel realizes that the telecommunications sector has a significant role in supporting economic activities to improve people's welfare.,economic contribution of telecommunications,economic contribution of telecommunications,S,positive,outcome,0.85
467,To contribute and participate in carrying out the growth of national development.,economic development,Economic Development,S,positive,commitment,0.85
234,"In line with improving economic conditions after the Covid-19 pandemic, the Company is trying to increase its business growth.",economic growth,Economic Growth,G,positive,action,0.8
340,"Pendekatan ini tidak hanya menciptakan lapangan kerja dan mendongkrak ekonomi daerah, tetapi juga memperkuat ketahanan pangan nasional melalui rantai pasok yang andal.",economic impact,"Economic Impact, Economic Impact - Local, economic impact",S,positive,outcome,0.8733333333
316,Mitratel menyadari sektor telekomunikasi memiliki peran yang sangat besarnya dalam mendukung kegiatan ekonomi untuk meningkatkan kesejahteraan masyarakat.,economic impact,Economic Impact,,,,0.9
318,Mitratel realizes that the telecommunications sector has a significant role in supporting economic activities to improve people's welfare.,economic impact,Economic Impact,S,positive,outcome,0.9
279,Kami terus berupaya menjaga kinerja ekonomi yang berkelanjutan melalui berbagai strategi.,economic performance,"Economic Performance, economic performance",S,positive,outcome,0.8366666667
235,"In line with improving economic conditions after the Covid-19 pandemic, the Company is trying to increase its business growth.",economic performance,economic performance,G,positive,action,0.85
443,This contributes to national economic resilience and strengthens the country's competitiveness.,economic performance,Economic Performance,S,positive,outcome,0.8
357,"Perseroan bertekad untuk terus secara intensif meningkatkan sumbangsoh pada peningkatan pendidikan anak bangsa agar tumbuh cerdas, mandiri, dan berkarakter baik dengan upaya memperluas akses dan kesempatan pendidikan.",education and training,"Education, Education and Training, education support",S,positive,commitment,0.9333333333
345,Pengurangan emisi CO₂ untuk cakupan 1 & 2 vs tahun 2015,emission reduction,Emission Reduction,E,positive,outcome,0.8
277,Kami telah menetapkan strategi jangka menengah dan jangka panjang dalam upaya pencapaian target tersebut,emission reduction strategy,Emission Reduction Strategy,E,positive,commitment,0.8
280,"Kami tidak hanya fokus pada pengurangan Gas Rumah Kaca (GRK), tetapi juga mengendalikan emisi debu pada area intake bahan baku melalui sistem filtrasi untuk meminimalkan gangguan terhadap masyarakat.",emissions control,Emissions Control,E-S,positive,action,0.88
148,"Dalam aspek lingkungan, Japfa menyusun rencana aksi yang terstruktur untuk mengurangi emisi gas rumah kaca dan berkontribusi dalam mitigasi perubahan iklim.",emissions reduction,"Emissions Reduction, emissions reduction",E,positive,action,0.89
390,"Selain itu, melalui berbagai langkah yang kami lakukan, kami juga dapat menekan emisi cakupan 1 menjadi 31.262 ton CO2 dari 34.146 ton CO2 di tahun 2020.",emissions reduction,Emissions Reduction,E,positive,outcome,0.875
552,We reduced Scope 1 emissions by 15% in 2023.,emissions reduction,emissions reduction,E,positive,outcome,0.9
163,"Dari segi sumber daya manusia, Perusahaan menyusun strategi pengembangan karyawan dengan menyelenggarakan berbagai kegiatan dan pelatihan, baik untuk karyawan di kantor pusat maupun karyawan di lokasi gudang/cabang.",employee development,employee development,S,positive,action,0.8
374,Salah satu program unggulan dalam rangka pengembangan karyawan adalah Leadership Essentials Acceleration Program (LEAP) bagi karyawan terpilih dengan,employee development,employee development,S,positive,action,0.8
551,We prioritize the health and safety of our employees.,employee health and safety,"Employee Health and Safety, Employee health and safety, employee health and safety",S,positive,commitment,0.95
373,"Respect Others Respect, cooperativeness and good environment",employee relations,employee relations,S,positive,commitment,0.8
515,We are implementing programs to promote employee well-being.,employee well-being,Employee well-being,S,positive,action,0.87
417,The assessment of energy reduction performance and financed emissions follows the standards set by the Partnership for Carbon Accounting Financials (PCAF) and the Science Based Targets Initiative (SBTi).,energy and emissions assessment,Energy and emissions assessment,E-G,neutral,outcome,0.9
546,We have implemented a new energy efficiency program.,energy efficiency,energy efficiency,E,positive,action,0.9
545,We have implemented a new energy efficiency program that has already reduced our energy consumption by 15%.,energy efficiency program,Energy Efficiency Program,E,positive,outcome,0.92
470,"To help customers reduce energy consumption and GHG emissions, we focus on energy-efficient designs and offer convenient, service-based solutions.",energy-efficient design and solutions,"Energy-efficient designs and service-based solutions, Energy-efficient designs and solutions",E-S,positive,action,0.875
399,"Sepanjang tahun 2024, kami tidak menerima pengaduan lingkungan, mencerminkan efektivitas kebijakan lingkungan yang diterapkan.",environmental compliance,"Environmental Compliance, environmental compliance",E,positive,outcome,0.955
511,We are empowering our customers to create positive business value while reducing their environmental footprint.,environmental footprint,environmental footprint,E-S,positive,action,0.8
153,"Dalam menjalankan operasionalnya, aktivitas-aktivitas bisnis membawa dampak yang bervariasi terhadap kualitas lingkungan hidup, khususnya dalam hal ketersediaan sumber daya alam (air, energi, material), dan limbah yang dihasilkan.",environmental impact,"Environmental Impact, environmental impact of operations",E,neutral,outcome,0.7833333333
103,Accelerate the Future of Work by empowering customers to lower their environmental impact with HP Innovations,environmental impact,Environmental Impact,E-S,positive,action,0.85
258,Kami berkomitmen untuk meminimalisasi dampak lingkungan dari kegiatan usaha kami dan secara aktif berpartisipasi dalam upaya keberlanjutan global.,environmental impact,Environmental Impact,E,positive,commitment,0.96
332,Over 60% of our 2024 revenue came from products that reduce environmental impact reported in accordance with the Corporate Knights Sustainable Economy Taxonomy!,environmental impact,Environmental Impact,E-G,positive,outcome,0.95
503,We are committed to reducing our environmental impact.,environmental impact,environmental impact,E,positive,commitment,0.95
333,Over 60% of our 2024 revenue came from products that reduce environmental impact reported in accordance with the Corporate Knights Sustainable Economy Taxonomy!,environmental impact and sustainable growth,"Environmental Impact Reduction, sustainable revenue",E-G,positive,outcome,0.95
502,We are committed to reducing our environmental impact and promoting sustainable practices throughout our operations.,environmental impact and sustainable growth,Environmental Impact Reduction,E,positive,commitment,0.95
212,HP's environmental impact assessments are made in accordance with International Organization for Standardization (ISO) 14040 and ISO 14044.,environmental impact assessments,Environmental impact assessments,E-G,neutral,outcome,0.85
136,"Begitu juga dengan perhatian terhadap pengelolaan dampak lingkungan yang tidak hanya dikedepankan pada saat proses pengerjaan proyek hunian, melainkan juga setelah proyek tersebut selesai.",environmental impact management,Environmental Impact Management,E,positive,action,0.9
159,"Dari aspek lingkungan, kami telah menjalankan beberapa inisiatif untuk mengurangi jejak lingkungan kami, salah satunya adalah melakukan peremajaan battery pada menara BTS Hotel dari jenis VRLA menjadi lithium yang memiliki daya tahan lebih panjang sehingga mengurangi limbah sampah.",environmental impact reduction through battery replacement,environmental impact reduction through battery replacement,E,positive,action,0.85
206,"Furthermore, in relation to Environmental Management, the Company is implementing various programs to reduce the environmental impacts caused by its operational activities, from integrated waste management to reducing the use of plastic drinking bottles in our operational areas.",environmental management,environmental management,E,positive,action,0.85
358,Perseroan juga mendorong semangat peduli lingkungan dalam program mitigasi dan adaptasi dampak pemanasan global.,environmental protection,Climate Change Mitigation,E,positive,action,0.8
149,"Dalam aspek lingkungan, Japfa menyusun rencana aksi yang terstruktur untuk mengurangi emisi gas rumah kaca dan berkontribusi dalam mitigasi perubahan iklim.",environmental protection,Climate Change Mitigation,E,positive,action,0.92
171,"Di bawah payung MPM Green Action, Perseroan melakukan aksi konservasi lingkungan maupun kampanye kepedulian lingkungan dengan melibatkan karyawan untuk mengantisipasi efek pemanasan global.",environmental protection,Environmental Conservation,E-S,positive,action,0.92
312,"Mitratel berkomitmen untuk terus tumbuh dan berkembang bersama lingkungan, masyarakat, dan tata kelola perusahaan dengan menciptakan hubungan yang harmonis dengan lingkungan dan masyarakat sekitar.",environmental responsibility,Environmental Responsibility,E-S-G,positive,commitment,0.9
285,Kesadaran akan pentingnya peranan Perseroan dalam menciptakan keseimbangan melalui lingkungan hidup yang lestari dan meningkatkan standar sosial baik di internal Perseroan maupun komunitas masyarakat menjadi bahan pertimbangan yang tidak terpisahkan dalam setiap strategi dan kebijakan yang dibuat oleh Perseroan.,environmental sustainability,"Environmental Sustainability, Environmental and Social Responsibility",E-S-G,positive,commitment,0.885
156,"Dalam pengembangan usahanya, Mitratel berkomitmen penuh untuk menjalin kolaborasi dan sinergi yang kokoh dengan para pemangku kepentingan dengan memposisikan diri sebagai Partner untuk membangun aspek sosial dan ekonomi, serta bersama-sama memitigasi dan mengatasi tantangan untuk pencapaian tujuan keberlanjutan, yakni kesejahteraan seluruh pemangku kepentingan serta kelestarian lingkungan.",environmental sustainability,Environmental Sustainability,E-S-G,positive,commitment,0.9
313,"Mitratel berkomitmen untuk terus tumbuh dan berkembang bersama lingkungan, masyarakat, dan tata kelola perusahaan dengan menciptakan hubungan yang harmonis dengan lingkungan dan masyarakat sekitar.",environmental sustainability,Environmental Sustainability,E-S-G,positive,commitment,0.95
288,"Komitmen PT Harum Energy Tbk untuk menjalankan usaha pertambangan dengan praktik ESG (environmental, social, and governance) terus diperkuat dari waktu ke waktu.",esg commitment,"ESG Commitment, ESG commitment",E-S-G,positive,commitment,0.95
283,"Karena itu, Perseroan telah menyusun dan menjalankan komitmen untuk secara konsisten melaksanakan pemenuhan tanggung jawab dengan menyeluruh kepada segenap pemangku kepentingan Perseroan dengan memberikan perhatian yang besar terhadap aspek Lingkungan, Sosial, dan Tata Kelola (ESG).",esg commitment,ESG Commitment,E-S-G,positive,action,0.9
428,"Therefore, the Company has developed and implemented a commitment to consistently fulfill its responsibilities comprehensively to all of the Company's stakeholders by paying great attention to Environmental, Social, and Governance (ESG) aspects.",esg commitment,ESG commitment,E-S-G,positive,action,0.9
429,"Therefore, the Company has developed and implemented a commitment to consistently fulfill its responsibilities comprehensively to all of the Company's stakeholders by paying great attention to Environmental, Social, and Governance (ESG).",esg commitment,ESG Commitment,E-S-G,positive,action,0.97
539,We have a dedicated ESG committee overseeing our sustainability efforts.,esg committee,ESG committee,E-S-G,positive,outcome,0.88
298,"Laporan ini adalah cerminan dari perjalanan FKS Multi Agro selama tahun 2023 dalam mengimplementasikan inisiasi Environment, Social, and Governance (ESG), menyoroti kemajuan, pencapaian, dan juga tantangan yang dihadapi.",esg implementation,ESG implementation,E-S-G,neutral,outcome,0.85
259,Kami berkomitmen untuk terus meningkatkan implementasi inisiatif ESG dalam setiap lini operasional dengan ESG Champions sebagai katalisator.,esg implementation commitment,ESG implementation commitment,E-S-G,positive,commitment,0.85
481,"Untuk menerapkan inisiatif ESG di FKS Multi Agro, kami memiliki tim khusus yang disebut ESG Champions, yang bertanggung jawab untuk mengintegrasikan prinsip-prinsip keberlanjutan dan menerapkan inisiatif ESG dalam kegiatan operasional dan strategi bisnis kami.",esg implementation team,ESG implementation team,E-S-G,positive,action,0.85
154,"Dalam mewujudkan pengelolaan usaha yang berpegang pada prinsip-prinsip keberlanjutan, diperlukan penerapan ESG (environmental, social and governance) sebagai sebuah prinsip dan kerangka kerja yang saling terintegrasi.",esg integration,ESG Integration,E-S-G,neutral,commitment,0.875
500,We are committed to integrating ESG considerations into our business strategy.,esg integration,ESG integration,E-S-G,positive,commitment,0.9
450,"This report provides information on our environmental, social and governance (ESG) performance.",esg performance,ESG performance,E-S-G,neutral,outcome,0.95
384,"Secara umum, strategi keberlanjutan Perusahaan berfokus pada 4 (empat) pilar ESG yaitu: Keamanan dan Ketahanan Pangan, Pengelolaan Lingkungan, Lingkungan Kerja Yang Sehat, Aman dan Nyaman, dan Pengembangan Masyarakat.",esg pillars,ESG pillars,E-S-G,neutral,outcome,0.9
289,"Komitmen PT Harum Energy Tbk untuk menjalankan usaha pertambangan dengan praktik ESG (environmental, social, and governance) terus diperkuat dari waktu ke waktu.",esg practices,ESG Practices,E-S-G,positive,commitment,0.95
348,Penilaian ESG dari MSCI(2),esg rating,ESG Rating,E-S-G,neutral,outcome,0.7
403,"Skor ESG dari Sustainalytics(1), dan menjadi perusahaan #3 dengan risiko ESG terendah dari 105 perusahaan household products di dunia yang diperingkat oleh Sustainalytics",esg rating,ESG Rating,E-S-G,positive,outcome,0.95
497,We are committed to ethical business conduct.,ethical business conduct,ethical business conduct,G,positive,commitment,0.94
544,We have established a robust ethics and compliance program.,ethics and compliance program,Ethics and Compliance Program,G,positive,outcome,0.9
252,"Integrity Honest, accountable and responsibility.",ethics and integrity,ethics and integrity,G,positive,commitment,0.9
323,"Our Executive Leadership team, led by HP's chief executive officer, retains overall responsibility for Sustainable Impact as part of our business strategy.",executive leadership responsibility,"Executive Leadership Responsibility, executive leadership responsibility",G,neutral,outcome,0.8833333333
513,"We are expanding this product coverage by adding new products to our LCA scope, with a focus on personal systems accessories, print hardware, and supplies.",expanding life cycle assessment coverage,"Expanding LCA product coverage, Expanding product coverage",E,positive,action,0.8
105,"Additionally, they have undergone external verification and assurance by CBC Global Indonesia in accordance with AAI000AS standards.",external verification,External verification,G,positive,outcome,0.9
498,We are committed to fair labor practices throughout our supply chain.,fair labor practices,Fair labor practices,S-G,positive,commitment,0.91
133,BRI welcomes feedback or suggestions to improve future editions of this report.,feedback mechanism,Feedback mechanism,G,neutral,action,0.8
478,Total Liabilities / Total Equity ▲ 38.60%,financial leverage,Financial Leverage,G,neutral,outcome,0.8
236,"In line with this commitment, in 2024, BRI successfully profitability with Return on Asset at 3.06% and Return on Equity at 19.01%, and generated net profit of IDR 60.64 trillion.",financial performance,"Financial performance, financial performance",G,positive,outcome,0.925
352,"Penyalaan Neto Perusahaan di Nomor 2015 mengalami kesempatan Sebesar 38,45%",financial performance,Financial Performance,G,neutral,outcome,0.8
143,Comprehensive Income for the Year 2015 +19.54%,financial performance,Financial Performance,G,positive,outcome,0.9
226,"In 2023, FKS Multi Agro showed healthy financial performance amidst the world economic slowdown.",financial performance,financial performance,G,positive,outcome,0.85
521,We are pleased that there were no reports of any food safety and food quality issues during the year.,food safety,food safety,S,positive,outcome,0.85
387,"Selain capaian tersebut, kami senantiasa menjunjung tinggi keamanan pangan dan pelacakan produk makanan sebagai perhatian utama kami, dan melakukannya dengan Tata Kelola Perusahaan yang Baik.",food safety & corporate governance,Food Safety & Corporate Governance,S-G,positive,action,0.93
262,"Kami dengan bangga menyatakan bahwa sepanjang tahun, tidak ada laporan mengenai masalah keamanan dan kualitas pangan.",food safety and quality,food safety and quality,S,positive,outcome,0.95
216,Hal ini merupakan bukti upaya kami dalam menjaga kepercayaan konsumen dengan memastikan bahwa kami menerapkan sistem manajemen yang ketat untuk memenuhi standar keamanan dan kualitas pangan.,food safety management,food safety management,S-G,positive,action,0.9
260,"Kami berkomitmen untuk tetap menjadi bagian dari kehidupan sehari-hari masyarakat Indonesia dengan berpegang teguh pada misi Japfa untuk ""Menjadi penyedia terkemuka dan terpercaya di bidang produk pangan berprotein terjangkau di Indonesia berlandaskan kerja sama dan pengalaman teruji, dalam upaya memberikan manfaat bagi seluruh pihak terkait.""",food security,"Food Security, affordable food provision",S,positive,commitment,0.95
381,"Sebagai perusahaan penyedia protein hewani, Japfa secara aktif berkontribusi dalam mengatasi masalah kerawanan pangan di Indonesia.",food security,Food Security,S,positive,action,0.925
203,"Feeding the Present, Securing Food for Tomorrow",food security,Food Security,S,positive,commitment,0.9
214,"Hal ini ditandai dengan kurangnya akses terhadap pangan yang aman, terjangkau, dan sesuai dengan konteks budaya lokal.",food security,Food Security,S,negative,outcome,0.85
120,"As we look ahead, we will continue to build on this momentum, committed to a future that delivers opportunity, purpose, and resilience for everyone.",future commitment,future commitment,E-S-G,positive,commitment,0.925
209,HP is redefining the future of work through technology—creating experiences that drive growth and more fulfilling work for people globally.,future of work,"Future of Work, technology-driven future of work",S-G,positive,outcome,0.9033333333
325,"Our bold ambition is to lead the Future of Work, delivering growth and fulfillment for business and people everywhere.",future of work,"Future of Work, future of work leadership",S-G,positive,commitment,0.9066666667
527,We believe the future of work should drive growth for companies and fulfillment for employees.,future of work,future of work,S,positive,commitment,0.89
445,This document contains only page numbers and no actual text for ESG analysis.,general disclosure,General Disclosure,G,neutral,outcome,1
365,Perusahaan melakukan ekspansi bisnisnya ke singapur dan malaysia,geographic expansion,Geographic Expansion,G,positive,action,0.9
115,"As a global company operating in over 170 countries, we bring these values to life wherever we do business.",global operations,global operations,G,positive,outcome,0.825
108,Advance global sustainability and digital workforce development through partnership &amp; advocacy,global sustainability,Global Sustainability,E-S-G,positive,action,0.9
360,"Perseroan menyadari ancaman yang ditimbulkan oleh isu terkait alam dan lingkungan, di antaranya efek pemanasan global merupakan hal yang tidak boleh diremehkan karena dampak yang dihasilkan sangat merugikan.",global warming,"Global Warming, global warming awareness",E,negative,outcome,0.9
329,Our greenhouse gas emissions have decreased by 10%.,greenhouse gas emissions,greenhouse gas emissions,E,positive,outcome,0.85
104,"Additionally, the report incorporates historical data from the previous three years, from January 1, 2022, to December 31, 2024, to highlight changes and trends in sustainability performance.",historical data inclusion,Historical data inclusion,G,neutral,outcome,0.8
186,Economic Review - Human Capital Award 2015 - PT Erajaya Swasembada Tbk - 2nd in Recruitment Strategy & Human Resources Planning,human capital,Human Capital,S-G,positive,outcome,0.9
173,"Di tahun 2015, PT Erajaya Swasembada Tbk - 2nd in Recruitment Strategy &amp; Human Resources Planning",human capital management,Human Capital Management,S-G,positive,outcome,0.8
254,It is a powerful reminder that behind every data point is a human impact—and that's what motivates us to keep going.,human impact,"human impact, human-centered impact",S,positive,outcome,0.925
559,"Yet the real impact goes beyond numbers. These figures represent students discovering new possibilities, job seekers gaining critical digital and AI skills, and families connecting to opportunity.",human impact of digital programs,human impact of digital programs,S,positive,outcome,0.95
174,"Di tahun 2015, PT Erajaya Swasembada Tbk - 2nd in Recruitment Strategy &amp; Human Resources Planning",human resources,human resources,S-G,positive,outcome,0.8
440,This aligns with the principles of human rights as outlined by the United Nations Global Compact (UNGC).,human rights,"human rights, human rights alignment",S-G,neutral,outcome,0.875
542,We have a zero-tolerance policy for human rights violations.,human rights,human rights,S-G,positive,commitment,0.88
363,"Perseroan telah melakukan due diligence terhadap ruang lingkup operasionalnya dan dampak yang ditimbulkan, baik itu dampak positif maupun dampak negatif, dengan tujuan untuk merencanakan strategi keberlanjutan dan implementasinya, termasuk tetapi tidak terbatas upaya-upaya mitigasi untuk mengurangi dampak negatif dan lebih memfokuskan pada kegiatan yang berdampak positif sebagai wujud komitmen Perseroan bagi seluruh pemangku kepentingan sesuai dengan kapasitas yang dimilikinya.",impact assessment and mitigation,"Environmental and Social Impact Assessment, impact assessment and mitigation",E-S-G,positive,action,0.85
364,"Perseroan telah melakukan due diligence terhadap ruang lingkup operasionalnya dan dampak yang ditimbulkan, baik itu dampak positif maupun dampak negatif, dengan tujuan untuk merencanakan strategi keberlanjutan dan implementasinya, termasuk tetapi tidak terbatas upaya-upaya mitigasi untuk mengurangi dampak negatif dan lebih memfokuskan pada kegiatan yang berdampak positif.",impact assessment and mitigation,Impact Assessment and Mitigation,E-S-G,positive,action,0.93
110,"All impact estimates involve some level of reasonable assumptions and uncertainty, resulting largely from industry-wide data limitations and data quality.",impact estimation and uncertainty,"Impact estimates, Impact estimates uncertainty",G,neutral,outcome,0.725
401,"Simultaneously, we are working to improve the overall quality, traceability, and consistency of reported data.",improving data quality and consistency,Improving data quality and consistency,G,positive,action,0.8
166,"Dengan ekosistem bisnis inklusif, CPIN memastikan manfaat pertumbuhan dirasakan secara merata, menjadikan kemitraan sebagai fondasi keberlanjutan jangka panjang.",inclusive business,"Inclusive Business, Inclusive Business Model, inclusive business practices",E-S,positive,outcome,0.9
267,"Kami mengundang Anda untuk bergabung dalam perjalanan ini, berbagi masukan, dan bekerja bersama untuk menciptakan masa depan yang lebih berkelanjutan dan inklusif bagi siapapun.",inclusive future,inclusive future,E-S,positive,commitment,0.9
249,Incorporated more detailed and reliable data sources into the Life Cycle Inventory (LCI) for HP's peripheral businesses.,incorporating reliable data sources,Incorporating reliable data sources,E-G,positive,action,0.8
184,Dynamic & Innovative Quickly adapt and seek for creative solutions.,innovation,innovation,G,positive,commitment,0.8
122,"Aside from that, the Company also encourages brilliant innovation to create markets with optimal performance in PIK 2 and sustainable profitability while prioritizing consumers' trust.",innovation and customer trust,innovation and customer trust,S-G,positive,action,0.8
388,"Selain itu, Perseroan juga terus mendorong inovasi cemerlang untuk menciptakan pasar yang optimal di PIK2 dan profitabilitas yang berkelanjutan dengan tetap mengedepankan kepercayaan konsumen.",innovation and profitability,Innovation and Profitability,S-G,positive,action,0.825
507,We are dedicated to fostering a culture of innovation.,innovation culture,Innovation Culture,G,positive,commitment,0.92
483,"Untuk menjaga keberlangsungan usaha yang sehat, kami senantiasa mengupayakan pengelolaan kinerja ekonomi yang diintegrasikan dengan pengelolaan risiko sosial dan lingkungan hidup di sekitar wilayah operasional.",integrated risk management,integrated risk management,E-S-G,positive,action,0.82
111,"All intellectual property Rights related to this Report, including but not limited to the content, design, and format, are the sole property of PT Gihon Telekomunikasi Indonesia Tbk.",intellectual property,Intellectual Property,G,neutral,outcome,0.9
112,"All intellectual property Rights related to this Report, including but not limited to the content, design, and format, are the sole property of PT Gihon Telekomunikasi Indonesia Tbk.",intellectual property rights,Intellectual Property Rights,G,neutral,outcome,0.95
331,Our suppliers are encouraged to follow ethical labor practices.,labor standards in supply chain,labor standards in supply chain,S-G,positive,commitment,0.7
383,"Sebagai tahap awal dari perwujudan langkah strategis tersebut, Perseroan berhasil mengakuisisi lahan seluas +/- 762 hektare (ha) yang terletak strategis di Pantai Indah Kapuk (PIK) 2 dan melakukan prepjenjualan di tahun 2023.",land acquisition,Land Acquisition,G,positive,outcome,0.875
241,"In the initial stage of realizing this strategic step, the Company acquired +/- 762 hectares (ha) of land strategically located in Pantai Indah Kapuk (PIK) 2 and carried out pre-sales in 2023.",land acquisition,land acquisition,G,positive,outcome,0.85
227,"In 2023, we also carried out additional capital by Rights Issue II which was aimed at increasing land reserves by +/- 850 hectares to ensure business sustainability in the future.",land reserve expansion,Land Reserve Expansion,G,positive,action,0.8
228,"In 2023, we also carried out additional capital by Rights Issue II which was aimed at increasing land reserves by +/- 850 hectares to ensure business sustainability in the future.",land reserves and sustainability,Land Reserves and Sustainability,G,positive,action,0.9
121,"Asia Pacific Entrepreneurship Award 2015 - Budiarto Halim, Outstanding Category",leadership,Leadership,G,positive,outcome,0.95
426,Theodorus Ardi Hartoko Direktur Utama Chief Executive Officer,leadership commitment,Leadership Commitment,G,neutral,outcome,0.7
114,Any disputes arising from or related to the use of this Report shall be subject to the exclusive jurisdiction of the Indonesian courts.,legal compliance,Legal Compliance,G,neutral,outcome,0.85
438,This Report is governed by the laws of the Republic of Indonesia.,legal compliance,Legal Compliance,G,neutral,outcome,0.9
210,"HP uses life cycle assessments (LCAs) and product carbon footprinting (PCF) to quantify the environmental impacts of our products, analyze possible alternatives, and target product performance improvements that deliver value to our customers and to our businesses.",life cycle assessment and product carbon footprinting,"Life cycle assessments (LCAs) and product carbon footprinting (PCF), Life cycle assessments and product carbon footprinting",E-G,positive,action,0.9
146,Current Assets / Current Liabilities ▼ -15.73%,liquidity,Liquidity,G,negative,outcome,0.8
281,"Kami yakin bahwa sinergi usaha tidak hanya menciptakan efisiensi operasional, tetapi juga menjadi penggerak yang baik untuk mendukung tujuan Perusahaan dalam mencapai keberlanjutan jangka panjang.",long-term sustainability,long-term sustainability,E-S-G,positive,commitment,0.9
202,"FKS Multi Agro telah merespons dengan serangkaian komitmen, strategi serta penentuan tujuan keberlanjutan jangka panjang yang mencakup berbagai aspek.",long-term sustainability goals,long-term sustainability goals,E-S-G,positive,commitment,0.9
341,Penerapan prinsip keberlanjutan merupakan salah satu wujud komitmen kami dalam pengelolaan emisi menuju ekonomi rendah karbon.,low carbon economy,Low Carbon Economy,E,positive,commitment,0.9
342,Penerapan prinsip keberlanjutan merupakan salah satu wujud komitmen kami dalam pengelolaan emisi menuju ekonomi rendah karbon.,low carbon economy transition,low carbon economy transition,E,positive,commitment,0.9
191,Erajaya Group berada di posisi teratas di dalam bidang usaha distribusi dan perdagangan ritel produk-produk telepon selular.,market leadership,market leadership,G,positive,outcome,0.8
178,"Di tengah kompetisi global, Indonesia memiliki peluang besar untuk tampil sebagai kekuatan digital para di Asia/Pasifik.",market opportunity,market opportunity,G,positive,outcome,0.88
135,Becoming a leading distribution company with integrated direct access to consumers and retailers that offer a complete range of mobile products and solutions.,market position,"Market Position, market position",G,positive,commitment,0.875
192,Erajaya Group berada di posisi teratas di dalam bidang usaha distribusi dan perdagangan ritel produk-produk telepon selular.,market position,Market Position,G,positive,outcome,0.9
533,"We engaged in multi-stakeholder collaborations, including the Responsible Business Alliance, the Responsible Minerals Initiative (appointed to the Steering Committee), the European Partnership for Responsible Minerals (the Advisory Committee of funding new pilot projects), the Responsible Sourcing Initiative (actively supporting the recycling space), Leadership Group for Responsible Recruitment, and Business for Social Responsibility (BSR) Human Rights Working Group (driving progress and elevating human rights best practices).",multi-stakeholder collaborations,Multi-stakeholder Collaborations,E-S-G,positive,action,0.9
131,"BRI strengthens its commitment to Indonesia’s Net Zero Emission (NZE) 2060 target by setting an earlier NZE goal for itself, aiming to achieve net zero emissions by 2050 in accordance with the Science-Based Target Initiative (SBTi) methodology.",net zero emission target,Net Zero Emission target,E-G,positive,commitment,0.95
130,"BRI strengthens its commitment to Indonesia's Net Zero Emission (NZE) 2060 target by setting an earlier NZE goal for itself, aiming to achieve net zero emissions by 2050 in accordance with the Science-Based Target Initiative (SBTi) methodology.",net zero emissions,net zero emissions,E-G,positive,commitment,0.95
394,"Selain mengimplementasikan Harum Energy Climate Strategy and Decarbonisation Roadmap yang ditargetkan untuk mencapai net zero emisi di tahun 2055, Perseroan juga terus mengoptimalkan diversifikasi produk dan layanan ke bijih nikel, sebagai sumber energi yang lebih ramah lingkungan.",net zero emissions target,"Net Zero Emissions Target, net zero emissions target",E-G,positive,action,0.91
328,Our goal is to achieve net-zero emissions by 2050.,net-zero emissions target,Net-Zero Emissions Target,E,positive,commitment,0.9
491,We aim to achieve net-zero emissions by 2050.,net-zero emissions target,Net-zero emissions target,E,positive,commitment,0.9
548,"We have now reached 100% renewable electricity in our U.S. operations, reflecting our continued progress toward a net-zero future.",net-zero future,net-zero future,E,positive,outcome,0.85
1,1015,none,none,none,none,none,0.5
2,103,none,none,none,none,none,0.5
9,127,none,none,none,none,none,0.5
10,1287,none,none,none,none,none,0.5
12,1431,none,none,none,none,none,0.5
15,1477,none,none,none,none,none,0.5
19,1729,none,none,none,none,none,0.5
21,1800,none,none,none,none,none,0.5
29,2109,none,none,none,none,none,0.5
30,214,none,none,none,none,none,0.5
31,2143,none,none,none,none,none,0.5
32,2146,none,none,none,none,none,0.5
33,223,none,none,none,none,none,0.5
40,2526,none,none,none,none,none,0.5
42,2690,none,none,none,none,none,0.5
44,2821,none,none,none,none,none,0.5
52,3216,none,none,none,none,none,0.5
55,3607,none,none,none,none,none,0.5
64,4007,none,none,none,none,none,0.5
70,420,none,none,none,none,none,0.5
72,4575,none,none,none,none,none,0.5
74,4661,none,none,none,none,none,0.5
75,4693,none,none,none,none,none,0.5
78,5044,none,none,none,none,none,0.5
81,536,none,none,none,none,none,0.5
82,540,none,none,none,none,none,0.5
84,563,none,none,none,none,none,0.5
89,67,none,none,none,none,none,0.5
93,81,none,none,none,none,none,0.5
96,85,none,none,none,none,none,0.5
99,962,none,none,none,none,none,0.5
102,99,none,none,none,none,none,0.5
4,1115,none,none,none,none,none,0.5
7,1201,none,none,none,none,none,0.5
8,121,none,none,none,none,none,0.5
13,1460,none,none,none,none,none,0.5
14,147,none,none,none,none,none,0.5
16,1530,none,none,none,none,none,0.5
17,1553,none,none,none,none,none,0.5
18,162,none,none,none,none,none,0.5
20,1798,none,none,none,none,none,0.5
22,1801,none,none,none,none,none,0.5
23,1927,none,none,none,none,none,0.5
27,2064,none,none,none,none,none,0.5
36,2365,none,none,none,none,none,0.5
37,2390,none,none,none,none,none,0.5
38,2435,none,none,none,none,none,0.5
39,2437,none,none,none,none,none,0.5
43,2770,none,none,none,none,none,0.5
45,2840,none,none,none,none,none,0.5
50,3110,none,none,none,none,none,0.5
51,3187,none,none,none,none,none,0.5
53,3273,none,none,none,none,none,0.5
54,3366,none,none,none,none,none,0.5
56,36376,none,none,none,none,none,0.5
59,3780,none,none,none,none,none,0.5
60,3784,none,none,none,none,none,0.5
63,3988,none,none,none,none,none,0.5
67,4073,none,none,none,none,none,0.5
77,4876,none,none,none,none,none,0.5
79,5048,none,none,none,none,none,0.5
80,5156,none,none,none,none,none,0.5
85,57,none,none,none,none,none,0.5
86,58,none,none,none,none,none,0.5
87,59,none,none,none,none,none,0.5
94,810,none,none,none,none,none,0.5
97,901,none,none,none,none,none,0.5
100,967,none,none,none,none,none,0.5
101,980,none,none,none,none,none,0.5
368,Produk Foods kami memiliki pencapaian Standar Nutrisi Tertinggi atau Highest Nutrition Standard (HNS) yang dihitung berdasarkan perbandingan standar Unilever dan pemenuhan standar World Health Organization (WHO),nutritional standards,Nutritional Standards,S,positive,outcome,0.9
128,BRI is also the first financial institution in Indonesia to have its near-term NZE target calculations approved by SBTi.,nze target approval,NZE target approval,E-G,positive,outcome,0.9
177,"Di tahun 2023, FKS Multi Agro berfokus pada peningkatan efisiensi operasional dan inovasi teknologi untuk memperkuat sinergi bisnis di dalam grup perusahaan.",operational efficiency,operational efficiency,G,positive,action,0.85
225,"In 2023, FKS Multi Agro committed to improving operational efficiency and technological innovation to strengthen business synergy within the group of companies.",operational efficiency,operational efficiency,G,positive,commitment,0.8
248,Income from Operations / Total Net Sales ▼ -27.87%,operational efficiency,Operational Efficiency,G,negative,outcome,0.8
152,"Dalam menghadapi volatilitas dan fluktuasi harga komoditas, Perusahaan memanfaatkan sinergi usaha guna mencapai efisiensi maksimal dan peningkatan keunggulan operasional.",operational excellence,operational excellence,G,positive,action,0.9
284,"Keberlangsungan usaha yang dijalankan Perseroan tidak hanya diharapkan mampu terlaksana secara kuat tetapi juga berkelanjutan, melalui pengelolaan operasional yang bertanggung jawab.",operational responsibility,Operational Responsibility,E-S-G,positive,commitment,0.8
213,Hal ini bertujuan membentuk daya tahan Perusahaan yang kuat atau strong organizational resilience.,organizational resilience,organizational resilience,G,positive,outcome,0.9
0,1,none,none,none,none,none,0.2
3,104,none,none,none,none,none,0.2
5,112,none,none,none,none,none,0.2
6,1155,none,none,none,none,none,0.2
11,129,none,none,none,none,none,0.2
24,1965,none,none,none,none,none,0.2
25,2036,none,none,none,none,none,0.2
26,2039,none,none,none,none,none,0.2
28,2086,none,none,none,none,none,0.2
34,23,none,none,none,none,none,0.2
35,2334,none,none,none,none,none,0.2
41,26,none,none,none,none,none,0.2
46,292,none,none,none,none,none,0.2
47,2982,none,none,none,none,none,0.2
48,3022,none,none,none,none,none,0.2
49,307,none,none,none,none,none,0.2
57,3680,none,none,none,none,none,0.2
58,3774,none,none,none,none,none,0.2
61,3934,none,none,none,none,none,0.2
62,3976,none,none,none,none,none,0.2
65,4036,none,none,none,none,none,0.2
66,4069,none,none,none,none,none,0.2
68,4136,none,none,none,none,none,0.2
69,4183,none,none,none,none,none,0.2
71,4527,none,none,none,none,none,0.2
73,4603,none,none,none,none,none,0.2
76,4849,none,none,none,none,none,0.2
83,55,none,none,none,none,none,0.2
88,608,none,none,none,none,none,0.2
90,677,none,none,none,none,none,0.2
91,692,none,none,none,none,none,0.2
92,742,none,none,none,none,none,0.2
95,832,none,none,none,none,none,0.2
98,94,none,none,none,none,none,0.2
198,Erajaya entered into agreement of forming joint venture with PT Indosat Ooredoo.,partnerships and collaborations,"Partnerships, partnerships and collaborations",G,neutral,outcome,0.75
194,"Erajaya Group has also formed a joint venture with Alphabright Distribution Pte. Ltd. Singapore, named Era International Network Pte. Ltd., which the Company has a 70% stake in the formation of the company.",partnerships and collaborations,"Ownership, Partnerships, partnerships and collaborations",G,neutral,outcome,0.7166666667
190,Erajaya Group also works closely with leading mobile network operators in Indonesia to distribute their products.,partnerships and collaborations,Partnerships,G,neutral,action,0.8
221,"In 2015, PT Erafone Artha Retailindo (""Erafone""), a subsidiary of Erajaya, along with Amtrust Mobile Solutions Singapore Pte. Ltd. formed a joint venture named PT AmTrust Mobile Solutions Indonesia.",partnerships and collaborations,Partnerships,G,neutral,outcome,0.8
411,"The Company also formed a joint venture under the name of Era International Network Sdn. Bhd., where the Company's ownership reached 95% of total shares.",partnerships and collaborations,"Ownership, Partnerships",G,neutral,outcome,0.75
354,"Performance of our chief enterprise operations officer, chief sustainability officer, and senior vice president of Global Product Compliance &amp; Sustainable Impact (GPC &amp; SI) is also evaluated in part based on the management of Sustainable Impact and the achievement of related targets and metrics.",performance evaluation,Performance Evaluation,G,neutral,outcome,0.85
346,Pengurangan penggunaan plastik baru (virgin plastic) dalam kemasan produk Unilever,plastic reduction,Plastic Reduction,E,positive,action,0.85
375,"Sampah plastik yang dikumpulkan pada tahun 2024, lebih banyak daripada yang kami gunakan dalam kemasan produk",plastic waste collection,Plastic Waste Collection,E,positive,outcome,0.9
485,Upaya Mengakhiri Limbah Plastik,plastic waste reduction,plastic waste reduction,E,positive,commitment,0.75
455,"Through effective, measurable, and well-directed sustainability strategy implementation, we believe Unilever Indonesia can navigate headwinds - laying the groundwork for long-term sustainable growth, and continue to positively impact the environment and society.",positive impact on environment and society,positive impact on environment and society,E-S-G,positive,action,0.88
217,"Hal ini sesuai dengan visi dan nilai yang Perseroan miliki yaitu memberikan dampak positif pada kehidupan melalui mobilitas cerdas dan integrasi sosial, di mana keberadaan kami harus membantu komunitas kami serta bertanggung jawab untuk membantu semua pemangku kepentingan kami bahagia melebihi harapan mereka.",positive social impact,positive social impact,E-S,positive,commitment,0.9
230,"In 2024, product energy use generated 4,362,000 tonnes of CO2e, accounting for 25% of our total carbon footprint.",product energy use and emissions,"Product energy use and CO2e emissions, Product energy use emissions",E,neutral,outcome,0.75
308,Menyediakan informasi produk secara jelas di dalam tiap label kemasan,product information,Product Information,S,positive,action,0.85
444,This determination is reflected in the innovative products we launch that were aligned with the market needs.,product innovation,"Product Innovation, product innovation",G,positive,outcome,0.79
409,Tekad tersebut tercermin dari produk-produk inovatif yang kami luncurkan yang sesuai dengan kebutuhan pasar.,product innovation,Product Innovation,G,positive,outcome,0.8
396,Seluruh produk Unilever Indonesia telah tersertifikasi BPOM dan Halal,product safety & compliance,Product Safety & Compliance,S-G,positive,outcome,0.85
397,Seluruh produk Unilever Indonesia telah tersertifikasi BPOM dan Halal,product safety & quality,Product Safety & Quality,S-G,positive,outcome,0.9
398,Seluruh produk Unilever Indonesia telah tersertifikasi BPOM dan Halal,product safety and certification,product safety and certification,S-G,positive,outcome,0.85
309,Menyediakan informasi produk secara jelas di dalam tiap label kemasan,product transparency,Product Transparency,S,positive,action,0.8
187,Energy consumed during product use is a significant contributor to our carbon and water footprints.,product use energy consumption,"Energy consumption during product use, Product use energy consumption",E,neutral,outcome,0.75
193,"Erajaya Group engages in the distribution business and retail trading of mobile telecommunication devices such as mobile phones and tablets, subscriber identity module card (SIM Card), mobile operator network voucher top-up, accessories, and gadgets such as computers and other electronic devices.",products and services,products and services,G,neutral,outcome,0.8
458,To Provide mobile products and solutions to improve the quality and lifestyle.,products and services,products and services,S,positive,commitment,0.8
293,"Laba Bersih Net Profit menurun sebesar 13,79% menjadi Rp86.401 juta pada tahun 2024.",profit decline,profit decline,G,negative,outcome,0.91
245,Income for the Year / Total Net Sales ▼ -22.87%,profit margin,Profit Margin,G,negative,outcome,0.8
132,"BRI successfully profitability with Return on Asset at 3.06% and Return on Equity at 19.01%, and generated net profit of IDR 60.64 trillion.",profitability,profitability,G,positive,outcome,0.8
369,Profit Before Income Tax 2015 +7.90%,profitability,Profitability,G,positive,outcome,0.9
519,"We are making measurable progress. Across our environmental and societal goals, we are seeing results and advancing on many fronts.",progress on esg goals,progress on ESG goals,E-S-G,positive,outcome,0.9
554,"We strive to provide the most accurate environmental impact data, but some level of uncertainty will remain, and results should be considered accordingly.",providing accurate environmental impact data,Providing accurate environmental impact data,G,neutral,commitment,0.75
561,positive,providing accurate environmental impact data,Providing accurate environmental impact data,G,neutral,outcome,0.8
469,"To discuss the pivotal role public policy plays in driving progress toward a more sustainable and circular economy, we engaged key trade associations like the Chamber of Commerce, American Chamber of Commerce ELL, the International Conservation Caucus Foundation, the Information Technology Industry Council, and the Consumer Technology Association, as well as international entities like the World Economic Forum and the United Nations.",public policy engagement,"Public Policy Engagement, public policy engagement",E-S-G,positive,action,0.9066666667
170,"Dengan proses digitalisasi tersebut, setiap informasi keuangan dan operasional dapat diakses secara real-time.",real-time data access,real-time data access,G,positive,outcome,0.9
344,Penggunaan plastik hasil daur ulang Post-Consumer Recycled Plastic (PCR) dalam kemasan produk,recycled content,Recycled Content,E,positive,action,0.9
205,"From 2019 to 2024, we achieved an average reduction of 24% in the energy consumption of our personal systems products, including 35% in notebooks, 51% in workstations, and 8% in displays.",reduction in energy consumption,Reduction in energy consumption,E,positive,outcome,0.875
391,"Selain itu, melalui berbagai langkah yang kami lakukan, kami juga dapat menekan emisi cakupan 1 menjadi 31.262 ton CO2 dari 34.146 ton CO2 di tahun 2020.",reduction of scope 1 emissions,reduction of scope 1 emissions,E,positive,outcome,0.9
347,Pengurangan penggunaan plastik baru (virgin plastic) dalam kemasan produk Unilever,reduction of virgin plastic,reduction of virgin plastic,E,positive,action,0.8
372,Refined the LCA model for inkjet supplies to align with the latest manufacturing practice for printheads.,refining life cycle assessment models,"Refining LCA model, Refining LCA model for inkjet supplies",E,positive,action,0.8
176,"Di tahun 2015, untuk memenuhi Peraturan Menteri Perdagangan RI Nomor 38/M-DAG/PER/8/2013... Erajaya Group telah mengakuisisi 5.100 lembar saham atau sebesar 51% saham PT Axioo International Indonesia dari PT Exa Nusa Persada.",regulatory compliance,Regulatory Compliance,G,neutral,outcome,0.8
427,"Therefore, achieving digital connectivity must go hand-in-hand with adaptive regulations, strong public protection, and political stability that supports innovation.",regulatory compliance,Regulatory Compliance,G-S,neutral,commitment,0.825
164,"Dasar penyusunan laporan ini adalah Peraturan Otoritas Jasa Keuangan No. 51/POJK.03/2017 tentang Penerapan Keuangan Berkelanjutan bagi Lembaga Jasa Keuangan, Emiten, dan Perusahaan Publik dan Perusahaan Publik serta indikator standar pelaporan berdasarkan Global Reporting Initiative (""GRI"") Standards 2021 dengan opsi pelaporan ""with reference"".",regulatory compliance,Regulatory Compliance,G,neutral,outcome,0.8
175,"Di tahun 2015, untuk memenuhi Peraturan Menteri Perdagangan RI Nomor 38/M-DAG/PER/8/2013 tentang Perubahan Atas Peraturan Menteri Perdagangan Nomor 82/M-DAG/PER/2012 Tentang Ketentuan Impor Telepon Seluler, Komputer Genggam (Handheld), dan Komputer Tablet Pasal 8A yang mewajibkan Perseroan untuk mendirikan Industri Telepon Seluler, Komputer Genggam (Handheld) dan Komputer Tablet, Erajaya Group telah mengakuisisi 5.100 lembar saham atau sebesar 51% saham PT Axioo International Indonesia dari PT Exa Nusa Persada.",regulatory compliance,regulatory compliance,G,neutral,outcome,0.75
222,"In 2015, to comply with the Trade Minister Regulation No. 38/M-DAG/PER/8/2013 on the Amendment to the Article 8A of the Regulation of the Minister of Trade No. 82/M-DAG/PER/2012 on the Imports of Cell Phones, Handheld Computer, and Computer Tablet, which requires the Company to establish Industrial Cell Phones, Handheld Computers and Tablet Computers",regulatory compliance,Regulatory Compliance,G,neutral,outcome,0.8
223,"In 2015, to comply with the Trade Minister Regulation No. 38/M-DAG/PER/8/2013 on the Amendment to the Article 8A of the Regulation of the Minister of Trade No. 82/M-DAG/PER/2012 on the Imports of Cell Phones, Handheld Computer, and Computer Tablet, which requires the Company to establish Industrial Cell Phones, Handheld Computers and Tablet Computers, Erajaya Group acquired 5,100 shares or 51% shares of PT Axioo International Indonesia from PT Exa Nusa Persada.",regulatory compliance,regulatory compliance,G,neutral,outcome,0.7
449,"This report has been prepared in compliance with the Financial Services Authority Regulation (POJK) Number 51/POJK.03/2017 on the Implementation of Sustainable Finance for Financial Institutions, Issuers, and Public Companies, as well as Financial Services Authority Circular Letter Number 16/SEOJK.24/2021.",regulatory compliance,Regulatory compliance,G,neutral,outcome,0.9
462,"To comply with the Regulation of the Minister of Trade No. 38/M-DAG/PER/8/2013 concerning the Amendment to the Article 8A of the Regulation of the Minister of Trade No. 82/M-DAG/PER/2012 on the Imports of Cell Phones, Handheld Computer, and Computer Tablet, which requires the Company to establish Industrial Cell Phones, Handheld Computers and Tablet Computers",regulatory compliance,Regulatory Compliance,G,neutral,outcome,0.8
463,To comply with the Regulation of the Minister of Trade...,regulatory compliance,Regulatory Compliance,G,neutral,outcome,0.7
549,"We have now reached 100% renewable electricity in our U.S. operations, reflecting our continued progress toward a net-zero future.",renewable electricity,renewable electricity,E,positive,outcome,0.9
550,"We have now reached 100% renewable electricity in our U.S. operations, reflecting our continued progress toward a net-zero future.",renewable energy,renewable energy,E,positive,outcome,0.94
518,We are investing in renewable energy sources.,renewable energy,renewable energy,E,positive,action,0.92
278,Kami terus bertransisi ke sumber terbarukan dengan memperluas pemanfaatan tenaga surya.,renewable energy adoption,"Renewable Energy Adoption, renewable energy adoption",E,positive,action,0.905
516,We are investing in renewable energy sources to power our operations.,renewable energy investment,Renewable energy investment,E,positive,action,0.88
517,"We are investing in renewable energy sources, such as solar and wind power.",renewable energy investment,Renewable Energy Investment,E,positive,action,0.9
448,This report focuses exclusively on PT Bank BRI (Persero) Tbk and does not include details related to its subsidiaries.,report scope,Report scope,G,neutral,outcome,0.8
165,"Dasar penyusunan laporan ini adalah Peraturan Otoritas Jasa Keuangan No. 51/POJK.03/2017 tentang Penerapan Keuangan Berkelanjutan bagi Lembaga Jasa Keuangan, Emiten, dan Perusahaan Publik dan Perusahaan Publik serta indikator standar pelaporan berdasarkan Global Reporting Initiative (""GRI"") Standards 2021 dengan opsi pelaporan ""with reference"".",reporting standards,Reporting Standards,G,neutral,outcome,0.8
253,"It also aligns with the Global Reporting Initiative (GRI) Standards 2021, the GRI G4 Supplement Sector Standard, and the Sustainability Accounting Standards Board (SASB) framework for commercial banks.",reporting standards alignment,Reporting standards alignment,G,neutral,outcome,0.9
524,We are transforming our value chain to embed sustainability and strengthen resilience across our global operations and supply chain.,resilience in supply chain,resilience in supply chain,E-S-G,positive,action,0.8
305,Melalui optimalisasi sumber daya dan penggunaan energi terbarukan perusahaan mendorong efisiensi yang selaras dengan keberlanjutan lingkungan.,resource efficiency,"Resource Efficiency, resource efficiency and renewable energy",E,positive,action,0.9066666667
435,These principles are the HP Way: a legacy of responsible business practices that has shaped our journey for decades and continues to guide us forward.,responsible business practices,"business practices, responsible business practices",E-S-G,positive,commitment,0.9
488,"Upaya ini dilakukan dalam rangka menciptakan aktivitas operasional pertambangan yang bertanggung jawab dan ramah lingkungan, serta bermanfaat bagi kesejahteraan masyarakat lokal.",responsible mining practices,responsible mining practices,E-S,positive,action,0.85
504,We are committed to responsible sourcing of raw materials.,responsible sourcing,Responsible Sourcing,E-S-G,positive,commitment,0.95
508,We are dedicated to responsible sourcing of materials.,responsible sourcing,Responsible sourcing,E-S-G,positive,commitment,0.89
243,Income for the Year / Total Assets ▼ -16.19%,return on assets,Return on Assets,G,negative,outcome,0.8
244,Income for the Year / Total Equity ▲ 0.26%,return on equity,Return on Equity,G,neutral,outcome,0.8
247,Income from Operations / Total Equity ▼ -6.25%,return on equity,Return on Equity,G,negative,outcome,0.8
321,Net Sales 2015 +38.45%,revenue growth,Revenue Growth,G,positive,outcome,0.9
339,"Pendapatan Revenue meningkat sebesar 3,95% menjadi Rp211.679 juta pada tahun 2024.",revenue growth,revenue growth,G,positive,outcome,0.89
436,"These statements are based on current assumptions and projections and are subject to risks, uncertainties, and other factors that could cause actual outcomes to differ materially from those expressed or implied in the forward-looking statements.",risk management,Risk Management,G,neutral,outcome,0.875
370,Readers are advised to exercise caution and not rely solely on these statements for decision-making purposes.,risk management,Risk Management,G,neutral,commitment,0.85
415,"The Report may include forward-looking statements regarding the future performance, strategies, or expectations of the Company and its Subsidiary.",risk management,Risk Management,G,neutral,outcome,0.8
512,We are enhancing our risk management framework.,risk management,risk management,G,positive,action,0.89
538,"We give thanks to God Almighty for His blessings, which have enabled PT Bank Rakyat Indonesia (Persero) Tbk — hereinafter referred to as the 'Company' or 'BRI' — to successfully navigate various risks and challenges throughout 2024.",risk management,risk management,G,positive,outcome,0.85
207,"Guided by the HP Way, we pursue science-based targets, renewable energy, and human rights protections across our operations and value chain.",science-based targets and sustainability initiatives,"Science-Based Targets, Science-based targets, renewable energy, and human rights protections, sustainability initiatives",E-S-G,positive,action,0.9066666667
382,"Sebagai perusahaan yang bergerak dalam industri properti, kegiatan usaha yang dijalankan Perseroan memiliki kaitan yang sangat erat terhadap salah satu tujuan dalam SDGs, yaitu SDG 11 (Kota dan Permukiman yang Berkelanjutan).",sdg 11 alignment,SDG 11 Alignment,S,neutral,outcome,0.85
168,"Dengan menggabungkan inovasi dan kerja sama multidimensi, CPIN mewujudkan visi ""shared prosperity"" yang inklusif, berkelanjutan, dan selaras dengan Tujuan Pembangunan Berkelanjutan (SDGs).",sdg alignment,"SDG Alignment, SDG alignment",E-S,positive,outcome,0.9366666667
237,"In line with this determination, the Company also combines the PIK 2 area development strategy by prioritizing sustainability principles and supporting the achievement of the Sustainable Development Goals (SDG).",sdg alignment,SDG alignment,E-S-G,positive,action,0.85
290,"Komitmen keberlanjutan ini juga merupakan salah satu wujud dukungan kami terhadap upaya pemerintah untuk mencapai Tujuan Pembangunan Berkelanjutan (TPB) di Indonesia, terutama terkait: TPB 3: Kehidupan Sehat dan Sejahtera; TPB 4: Pendidikan Berkualitas; TPB 7: Energi Bersih dan Terjangkau; TPB 8: Pekerjaan Layak dan Pertumbuhan Ekonomi; TPB 12: Konsumsi dan Produksi yang Bertanggung Jawab; TPB 13: Penanganan Perubahan Iklim; serta TPB 15: Ekosistem Daratan.",sdg alignment,SDG Alignment,E-S-G,positive,commitment,0.95
480,"Untuk itu, kami telah menetapkan indikator TPB yang sesuai dengan tujuan keberlanjutan Perseroan, sebagaimana diuraikan sebagai berikut:",sdg alignment,SDG alignment,E-S-G,positive,action,0.65
274,Kami sepenuhnya mendukung pencapaian SDGs di Indonesia.,sdg support,SDG Support,E-S-G,positive,commitment,0.9
431,"Therefore, the Company strives to provide the best service to all customers in order to provide reliable and always on service.",service reliability,service reliability,S,positive,commitment,0.75
492,"We also conduct annual outreach regarding our governance profile with stockholders, which most recently included stockholders representing around 35% of our outstanding stock.",shareholder and governance engagement,"Governance Outreach, stockholder engagement",G,neutral,action,0.8666666667
459,To Provide mobile products and solutions to improve the quality and lifestyle.,social impact,Social Impact,S,positive,commitment,0.9
162,"Dari menara yang mendatang di pelosok negeri, kita menyelidkan obat biasa dapat dengan mewujudkan konektivitas yang mengangkat martabat seluruh bangsa.",social impact of connectivity,social impact of connectivity,S,positive,outcome,0.87
137,"Building Indonesia's digital future is not solely about constructing infrastructure, it is about fostering solidarity, equity, and hope.",social responsibility,Social Responsibility,S,positive,commitment,0.85
314,"Mitratel berkomitmen untuk terus tumbuh dan berkembang bersama lingkungan, masyarakat, dan tata kelola perusahaan dengan menciptakan hubungan yang harmonis dengan lingkungan dan masyarakat sekitar.",social responsibility,Social Responsibility,E-S-G,positive,commitment,0.95
303,"Melalui investasi pada sumber daya manusia, kami ingin meningkatkan kesejahteraan mereka sambil tetap memperhatikan dampaknya terhadap lingkungan.",social responsibility & environmental impact,Social Responsibility & Environmental Impact,E-S,positive,commitment,0.9
447,"This is the heart of our societal impact—helping prepare the next generation for the future of work by expanding access to education, technology, and support systems people need to thrive.",societal impact,societal impact,S,positive,outcome,0.925
560,"Yet the real impact goes beyond numbers. These figures represent students discovering new possibilities, job seekers gaining critical digital and AI skills, and families connecting to opportunity.",societal impact,societal impact,S,positive,outcome,0.9
220,"I am deeply grateful to our employees, partners, and communities around the world for sharing this commitment. Your dedication and collaboration are what make our progress possible.",stakeholder collaboration,stakeholder collaboration,S,positive,outcome,0.9
299,Laporan ini memberikan informasi mengenai upaya keberlanjutan FKS Multi Agro serta mendorong dialog dan kolaborasi lebih lanjut dengan semua pemangku kepentingan.,stakeholder collaboration,stakeholder collaboration,S-G,positive,action,0.85
157,"Dalam pengembangan usahanya, Mitratel berkomitmen penuh untuk menjalin kolaborasi dan sinergi yang kokoh dengan para pemangku kepentingan dengan memposisikan diri sebagai Partner untuk membangun aspek sosial dan ekonomi, serta bersama-sama memitigasi dan mengatasi tantangan untuk pencapaian tujuan keberlanjutan, yakni kesejahteraan seluruh pemangku kepentingan serta kelestarian lingkungan.",stakeholder collaboration for sustainability,stakeholder collaboration for sustainability,E-S-G,positive,commitment,0.92
232,"In developing its business, Mitratel is fully committed to establishing strong collaboration and synergy with stakeholders by positioning itself as a Partner to develop social and economic aspects, as well as jointly mitigating and overcoming challenges to achieving sustainability goals, namely the welfare of all stakeholders and sustainability environment.",stakeholder collaboration for sustainability,stakeholder collaboration for sustainability,E-S-G,positive,commitment,0.92
434,"These interactions build our collective intelligence, help us prioritize critical issues, and provide insights into emerging opportunities and risks.",stakeholder engagement,"Stakeholder Interactions, stakeholder engagement benefits",S-G,positive,outcome,0.91
404,"Stakeholders are identified based on factors such as expertise, willingness to collaborate, reputation, location, sphere of influence, and ability to scale and accelerate progress.",stakeholder identification and selection,"Stakeholder Identification, stakeholder selection criteria",G,neutral,outcome,0.8833333333
405,"Standardized assumptions for lifetime prints of legacy products, directly boosting the share of products assessed through LCAs.",standardizing life cycle assumptions,"Standardizing assumptions, Standardizing assumptions for lifetime prints",E,positive,outcome,0.8
169,"Dengan mengoptimalkan potensi domestik dan menjalin kolaborasi lintas sektor, Indonesia dapat menjadi pusat cermat digital yang menghubungkan bukan hanya wilayah dalam negeri, tetapi juga dunia.",strategic collaboration,strategic collaboration,S-G,positive,commitment,0.9
412,The Company has taken a number of strategic step to achieve a greater future.,strategic planning,strategic planning,G,positive,commitment,0.8
416,"The Report may include forward-looking statements regarding the future performance, strategies, or expectations of the Company and its Subsidiary.",strategy,Strategy,G,neutral,outcome,0.9
530,We cross-checked supplier sites representing 95% of our spend against the Institute of Public &amp; Environmental Affairs (IPE)'s public database of environmental violations. Certain first-tier suppliers also provided information about sub-tier supplier compliance with local environmental laws.,supplier compliance,Supplier Compliance,E-G,neutral,outcome,0.9
529,We cross-checked supplier sites representing 95% of our spend against the Institute of Public & Environmental Affairs (IPE)'s public database of environmental violations. Certain first-tier suppliers also provided information about sub-tier supplier compliance with local environmental laws.,supplier environmental compliance,supplier environmental compliance,E-G,neutral,outcome,0.92
452,"This review of over 922 sub-tier suppliers against IPE's public database of environmental violations identified 63 issues in 2024. Of these, 32 had been corrected as of November 2024, and we continue working with the relevant first-tier suppliers and IPE to assess, address, and resolve the remaining issues.",supplier environmental compliance follow-up,supplier environmental compliance follow-up,E-G,neutral,outcome,0.9
196,Erajaya Group telah menjalin kemitraan strategis dengan 17 merek global ternama,supply chain,Supply Chain,G,positive,outcome,0.8
464,"To comply with the Trade Minister Regulation No. 38/M-DAG/PER/8/2013 on the Amendment to the Article 8A of the Regulation of the Minister of Trade No. 82/M-DAG/PER/2012 on the Imports of Cell Phones, Handheld Computer, and Computer Tablet, which requires the Company to establish Industrial Cell Phones, Handheld Computers and Tablet Computers, Erajaya Group acquired 5,100 shares or 51% shares of PT Axioo International Indonesia from PT Exa Nusa Persada.",supply chain,Supply Chain,G,neutral,outcome,0.9
182,"Dukungan teknis, pelatihan berkelanjutan, serta perluasan akses pasar diberikan untuk memberdayakan mitra, mendorong efisiensi produksi dan peningkatan kesejahteraan.",supply chain development,Supply Chain Development,S,positive,action,0.925
197,Erajaya Group telah menjalin kemitraan strategis dengan 17 merek global ternama,supply chain management,Supply Chain Management,G,positive,outcome,0.85
291,"Komitmen keberlanjutan ini juga merupakan salah satu wujud dukungan kami terhadap upaya pemerintah untuk mencapai Tujuan Pembangunan Berkelanjutan (TPB) di Indonesia, terutama terkait: TPB 3: Kehidupan Sehat dan Sejahtera; TPB 4: Pendidikan Berkualitas; TPB 7: Energi Bersih dan Terjangkau; TPB 8: Pekerjaan Layak dan Pertumbuhan Ekonomi; TPB 12: Konsumsi dan Produksi yang Bertanggung Jawab; TPB 13: Penanganan Perubahan Iklim; serta TPB 15: Ekosistem Daratan.",support for sdgs,Support for SDGs,E-S-G,positive,commitment,0.9
271,"Kami percaya bahwa keberlanjutan bukan hanya tanggung jawab moral, tetapi juga kunci untuk pertumbuhan jangka panjang dan keberhasilan bisnis bagi Perusahaan.",sustainability as business key,sustainability as business key,E-S-G,positive,commitment,0.9
422,The report presents BRI's sustainability aspirations to become 'The Most Valuable Banking Group in Southeast Asia & Champion of Financial Inclusion' in line with BRIVolution 2.0.,sustainability aspirations,Sustainability aspirations,E-S-G,positive,commitment,0.9
287,Komitmen Keberlanjutan / Sustainability Commitment,sustainability commitment,Sustainability Commitment,E-S-G,positive,commitment,0.7
335,"Over its 129-year journey, BRI has consistently grown and developed, providing exceptional services to the nation while adhering to its commitment to sustainability values.",sustainability commitment,sustainability commitment,E-S-G,positive,outcome,0.88
377,"Sebagai bagian integral dari komitmen Perusahaan terhadap aspek keberlanjutan, laporan ini mencerminkan upaya-upaya Perusahaan dalam mengintegrasikan prinsip-prinsip keberlanjutan ke dalam setiap aspek operasional dan strategi bisnis.",sustainability commitment,sustainability commitment,E-S-G,positive,action,0.9
493,"We also strengthen the Company's commitment to sustainability - introducing four sustainability focuses in our Growth Action Plan (GAP): Climate, Nature, Plastics, and Livelihood, which will guide us in managing our operational impacts on the Environmental, Social, and Governance (ESG).",sustainability commitment,Sustainability Commitment,E-S-G,positive,commitment,0.9
263,"Kami juga memperkuat komitmen Perseroan akan keberlanjutan dengan memperkenalkan empat fokus keberlanjutan dalam Growth Action Plan (GAP) yaitu Iklim, Alam, Plastik, dan Mata Pencaharian, yang akan menjadi panduan kami dalam mengelola dampak operasional terhadap lingkungan, masyarakat, dan penerapan tata kelola atau aspek Environmental, Social, and Governance (ESG).",sustainability commitment & focus areas,Sustainability Commitment & Focus Areas,E-S-G,positive,commitment,0.95
494,"We also strengthen the Company's commitment to sustainability - introducing four sustainability focuses in our Growth Action Plan (GAP): Climate, Nature, Plastics, and Livelihood, which will guide us in managing our operational impacts on the Environmental, Social, and Governance (ESG).",sustainability commitment and focus areas,sustainability commitment and focus areas,,,,0.9
272,"Kami percaya bahwa keberlanjutan bukan hanya tanggung jawab moral, tetapi juga kunci untuk pertumbuhan jangka panjang dan keberhasilan bisnis bagi Perusahaan.",sustainability importance,sustainability importance,E-S-G,positive,commitment,0.85
525,We are transforming our value chain to embed sustainability and strengthen resilience across our global operations and supply chain.,sustainability in value chain,sustainability in value chain,E-S-G,positive,action,0.85
408,Sustainable Impact is at the heart of HP's business strategy and is integrated throughout all levels of our company.,sustainability integration,"Sustainable Impact Integration, sustainability integration",E-S-G,positive,commitment,0.9233333333
410,"That is why sustainability is embedded in what we do—from how we innovate, to how we operate, to how we engage with our communities.",sustainability integration,sustainability integration,E-S-G,positive,commitment,0.925
378,"Sebagai bagian integral dari komitmen Perusahaan terhadap aspek keberlanjutan, laporan ini mencerminkan upaya-upaya Perusahaan dalam mengintegrasikan prinsip-prinsip keberlanjutan ke dalam setiap aspek operasional dan strategi bisnis.",sustainability integration,sustainability integration,E-S-G,positive,action,0.9
238,"In line with this determination, the Company also combines the PIK 2 area development strategy by prioritizing sustainability principles and supporting the achievement of the Sustainable Development Goals (SDG).",sustainability integration and sdgs,Sustainability Integration and SDGs,E-S-G,positive,action,0.92
123,"At FKS Multi Agro, we acknowledge that sustainability is a continuous journey.",sustainability journey,sustainability journey,E-S-G,neutral,commitment,0.85
129,BRI is also the first financial institution in Indonesia to have its near-term NZE target calculations approved by SBTi.,sustainability leadership,sustainability leadership,E-G,positive,outcome,0.98
353,"Performance of our chief enterprise operations officer, chief sustainability officer, and senior vice president of Global Product Compliance & Sustainable Impact (GPC & SI) is also evaluated in part based on the management of Sustainable Impact and the achievement of related targets and metrics.",sustainability performance evaluation,"Performance Evaluation on Sustainability, sustainability performance evaluation",G,neutral,outcome,0.91
250,Informasi tersebut berdampak signifikan pada kebijakan dan rumusan keberlanjutan yang lebih efektif dan selaras dengan strategi bisnis Perusahaan.,sustainability policies,sustainability policies,E-S-G,positive,outcome,0.85
224,"In 2021, we launched Amplify Impact, the first sustainability program for IT channel partners.",sustainability program for partners,sustainability program for partners,S-G,positive,outcome,0.92
520,"We are making measurable progress. Across our environmental and societal goals, we are seeing results and advancing on many fronts.",sustainability progress,sustainability progress,E-S-G,positive,outcome,0.9
185,"EcoVadis—a leading global sustainability ratings provider—awarded HP a platinum medal for the 15th consecutive year, placing us among the top 1% of companies worldwide.",sustainability ratings,sustainability ratings,E-S-G,positive,outcome,0.95
531,"We earned our 15th consecutive Platinum rating from EcoVadis, placing us in the top 1% of companies globally.",sustainability ratings and assessments,"EcoVadis Rating, sustainability rating",E-S-G,positive,outcome,0.97
330,"Our overall progress continues to be recognized. EcoVadis—a leading global sustainability ratings provider—awarded HP a platinum medal for the 15th consecutive year, placing us among the top 1% of companies worldwide.",sustainability recognition,sustainability recognition,E-S-G,positive,outcome,0.94
270,"Kami menyempurnakan Japfa Sustainability Reporting System (JSRS) dengan menambahkan cakupan yang relevan, sehingga secara signifikan meningkatkan kelengkapan dan akurasi data.",sustainability reporting,Sustainability Reporting,G,positive,action,0.875
296,Laporan Keberlanjutan PT Harum Energy Tbk disusun sebagai bentuk pertanggungjawaban dan penyampaian informasi tentang penerapan prinsip-prinsip keberlanjutan dalam seluruh aspek bisnis yang dijalankan.,sustainability reporting,"Sustainability Reporting, sustainability reporting",E-S-G,neutral,outcome,0.825
402,"Since 2001, HP Inc. has provided in-depth information on environmental and social progress to key stakeholders, including current and prospective employees, customers, industry analysts, and investors.",sustainability reporting,sustainability reporting,E-S-G,positive,outcome,0.8
295,"Laporan Keberlanjutan PT Harum Energy Tbk (yang selanjutnya disebut juga ""Perseroan"") disusun sebagai bentuk pertanggungjawaban dan penyampaian informasi tentang penerapan prinsip-prinsip keberlanjutan dalam seluruh aspek bisnis yang dijalankan.",sustainability reporting,Sustainability Reporting,,,,0.75
297,"Laporan Keberlanjutan ini mencakup data kinerja ekonomi, lingkungan dan sosial yang tidak diaudit oleh pihak eksternal, namun Perseroan memastikan bahwa data-data yang disajikan sesuai dengan laporan internal.",sustainability reporting,Sustainability Reporting,G,neutral,outcome,0.7
407,"Sustainability Report 2024 of PT Bank Rakyat Indonesia (Persero) Tbk (BRI) outlines the business, environmental, and social issues that directly and significantly impact the company, its employees, and stakeholders.",sustainability reporting,Sustainability reporting,E-S-G,neutral,outcome,0.9
557,Welcome to our 24th annual update: the 2024 HP Sustainable Impact Report.,sustainability reporting,sustainability reporting,G,neutral,outcome,0.85
468,"To determine the content included in this report, we considered: Recognized standards, frameworks, and global sustainability context, including the Global Reporting Initiative (GRI), the United Nations (UN) Guiding Principles on Business and Human Rights, the UN Global Compact and the UN Sustainable Development Goals, and the International Sustainability Standards Board (ISSB) International Financial Reporting Standards (IFRS) Sustainability Disclosure Standards.",sustainability reporting standards,sustainability reporting standards,G,neutral,outcome,0.8
126,BRI continues to carry out the Company's transformation program including BRI's sustainability strategy which focuses on 'Strengthening the Sustainable Finance Practice'.,sustainability strategy,sustainability strategy,E-S-G,positive,action,0.85
456,"Through effective, measurable, and well-directed sustainability strategy implementation, we believe Unilever Indonesia can navigate headwinds - laying the groundwork for long-term sustainable growth, and continue to positively impact the environment and society.",sustainability strategy,Sustainability Strategy,E-S-G,positive,action,0.8
475,"To that end, BRI continues to carry out the Company's transformation program including BRI's sustainability strategy which focuses on 'Strengthening the Sustainable Finance Practice'.",sustainability strategy,sustainability strategy,E-S-G,positive,action,0.9
562,positive,none,none,none,none,none,0.9
307,"Melalui penerapan strategi keberlanjutan yang efektif, terukur, dan memiliki arah yang jelas, kami yakin Unilever Indonesia dapat menghadapi berbagai tantangan, meletakkan fondasi yang kuat bagi pertumbuhan jangka panjang secara berkelanjutan, dan terus memberikan dampak positif bagi lingkungan dan masyarakat.",sustainability strategy implementation,Sustainability Strategy Implementation,E-S-G,positive,action,0.9
355,Perjalanan Baru Menuju Masa Depan yang Lebih Baik dan Berkelanjutan,sustainability vision,Sustainability Vision,E-S-G,positive,commitment,0.9
127,"BRI has embraced a sustainable aspiration to become a World Class Sustainable Banking Group, focusing on Environmental, Social, and Governance (ESG) dimensions.",sustainable aspiration,"Sustainability aspiration, sustainable aspiration, sustainable banking",E-S-G,positive,commitment,0.9
304,Melalui nilai-nilai dan budaya yang telah ada Perseroan terus memperkuat landasan bisnis berkelanjutan seraya memberi manfaat kepada seluruh pemangku kepentingannya.,sustainable business practices,"Sustainable Business, Sustainable Business Practices, strengthening sustainable business foundation",E-S-G,positive,action,0.8766666667
356,"Perseroan berkomitmen menjalankan bisnis yang berkelanjutan, bisnis yang tidak hanya memandang profitabilitas sebagai satu-satunya tujuan namun bisnis yang memberikan nilai tambah bagi seluruh pemangku kepentingan secara berkesinambungan.",sustainable business practices,"Sustainable Business, Sustainable Business Practices, sustainable business practices",E-S-G,positive,commitment,0.93
361,"Perseroan menyadari pentingnya bisnis berkelanjutan, bertumbuh dengan memberi nilai tambah bagi seluruh pemangku kepentingan.",sustainable business practices,"Sustainable Business, Sustainable Business Practices, sustainable business growth",E-S-G,positive,commitment,0.9233333333
204,"For Indonesia – a vast archipelago with over 270 million people – digital transformation is not merely a necessity, but a golden opportunity to realize equitable, inclusive, and sustainable development.",sustainable development,Sustainable Development,E-S,positive,outcome,0.9
338,"Pemerintah melalui ketentuan Peraturan Otoritas Jasa Keuangan (""OJK"") No. 51/POJK.03/2017 terus mendorong adanya keseimbangan antara aspek ekonomi, sosial dan lingkungan hidup agar tercipta pembangunan yang berkelanjutan.",sustainable development,Sustainable Development,E-S-G,neutral,outcome,0.9
215,Hal ini juga bisa diartikan sebagai peran serta Perseroan dalam mendukung Tujuan Pembangunan Berkelanjutan (TPB).,sustainable development goals,Sustainable Development Goals,E-S-G,positive,outcome,0.86
239,"In line with this determination, the Company also combines the PIK 2 area development strategy by prioritizing sustainability principles and supporting the achievement of the Sustainable Development Goals (SDG).",sustainable development integration,Sustainable Development Integration,E-S-G,positive,action,0.9
386,"Sejalan dengan tekad tersebut, Perseroan juga memadukan strategi pengembangan kawasan PIK 2 dengan mengedepankan prinsip keberlanjutan dan mendukung pencapaian Tujuan Pembangunan Berkelanjutan (TPB).",sustainable development integration,Sustainable Development Integration,E-S-G,positive,action,0.9
337,"Pemerintah melalui ketentuan Peraturan Otoritas Jasa Keuangan (""OJK"") No. 51/POJK.03/2017 tentang Penerapan Keuangan Berkelanjutan Bagi Lembaga Jasa Keuangan, Emiten, Dan Perusahaan Publik (""POJK No. 51"") terus mendorong adanya keseimbangan antara aspek ekonomi, sosial dan lingkungan hidup agar tercipta pembangunan yang berkelanjutan.",sustainable development regulation,sustainable development regulation,E-S-G,neutral,outcome,0.75
319,"Moving forward, the Board of Commissioners supports BRI to continue its commitment in implementing sustainable finance principles that are well structured and planned.",sustainable finance,"Sustainable finance commitment, sustainable finance",E-G,positive,commitment,0.875
118,"As seen in previous years, various challenges such as shifts in consumer behavior, geopolitical tensions, and climate change issues have made the implementation of sustainable finance principles even more relevant.",sustainable finance relevance,Sustainable finance relevance,E-G,neutral,outcome,0.8
476,"Together, these efforts are driving meaningful change—empowering people, strengthening systems, and opening doors to a more inclusive, sustainable future of work.",sustainable future,"inclusive and sustainable future, sustainable future",S,positive,outcome,0.925
139,"CPIN berkomitmen untuk terus tumbuh secara berkelanjutan, memberikan manfaat bagi masyarakat luas, dan menjaga keseimbangan antara kemajuan bisnis dan keberlanjutan lingkungan.",sustainable growth,"Sustainable Growth, sustainable growth",E-S-G,positive,commitment,0.96
109,"Agar dapat memperkuat posisi pasar dan mendorong pertumbuhan jangka panjang secara berkelanjutan, kami melakukan berbagai tindakan untuk menata ulang bisnis guna mengoptimalkan sumber daya dan mendorong pertumbuhan.",sustainable growth,Sustainable Growth,E-S-G,positive,action,0.9
141,CPIN is committed to sustainable growth that benefits the wider community and balances our business progress with environmental responsibility.,sustainable growth,Sustainable Growth,E-S-G,positive,commitment,0.96
472,"To solidify our market position and drive long-term sustainable growth, we have undertaken various actions to reorganise our business, optimising resources and driving growth.",sustainable growth,Sustainable Growth,E-S-G,positive,action,0.8
255,"It is not a separate initiative, but a core element of our strategy to grow responsibly and create lasting value for all our stakeholders.",sustainable growth strategy,sustainable growth strategy,E-S-G,positive,commitment,0.95
473,"To solidify our market position and drive long-term sustainable growth, we have undertaken various actions to reorganise our business, optimising resources and driving growth.",sustainable growth strategy,sustainable growth strategy,E-S-G,positive,action,0.85
142,"Composed of domain expert representatives from across our organization, the Sustainable Impact Steering Committee manages and helps drive progress toward our goals.",sustainable impact steering committee,"Steering Committee, Sustainable Impact Steering Committee",G,positive,outcome,0.875
324,"Our Sustainable Impact strategy focuses on customers, our value chain, and society—cutting waste, boosting efficiency, and enabling responsible growth.",sustainable impact strategy,"Sustainable Impact Strategy, sustainable impact strategy",E-S-G,positive,commitment,0.8666666667
479,Transformasi strategis ini menunjukkan arah operasi perusahaan yang lebih berkelanjutan dan bertanggung jawab terhadap lingkungan dan masyarakat.,sustainable operations,"Sustainable Operations, sustainable operations",E-S,positive,outcome,0.865
418,"The continuity of the business carried out by the Company is not only expected to be carried out strongly but also sustainably, through responsible operational management.",sustainable operations,sustainable operations,E-S-G,positive,commitment,0.8
367,Printed on FSC certified paper,sustainable sourcing,"Sustainable Sourcing, sustainable sourcing",E,positive,outcome,0.8333333333
514,"We are helping companies utilize innovative technology as more than a productivity tool but a fulfillment platform, grounded in our belief that technology can help companies deliver growth and fulfillment.",technology and innovation,"innovative technology, technology for business growth, technology for sustainability",S-G,positive,commitment,0.8833333333
107,"Additionally, we rely on third-party auditing through eco labels and certifications to validate our data, ensuring credibility and transparency in our efforts.",third-party auditing and certifications,Third-party auditing and certifications,G,positive,action,0.875
477,"Topics discussed include HP's strategy and business performance, governance practices, executive compensation, and Sustainable Impact.",topics discussed with stockholders,Topics Discussed with Stockholders,G,neutral,outcome,0.9
555,We use a variety of metrics to track progress and foster innovation as we continually refine our portfolio of products to deliver greater value to customers while minimizing environmental impact.,tracking progress and fostering innovation,Tracking progress and fostering innovation,E-G,positive,action,0.875
300,Learning without limits Continuously learning to develops ourselves,training and development,training and development,S,positive,commitment,0.8
371,Readers are advised to exercise caution and not rely solely on these statements for decision-making purposes.,transparency,Transparency,G,neutral,commitment,0.9
268,"Kami menyampaikan informasi tersebut di atas secara transparan ke dalam laporan keberlanjutan ini sebagai salah satu tanggung jawab Perseroan kepada seluruh pemangku kepentingan dan diharapkan dapat menjadi pedoman serta memotivasi internal Perseroan agar semakin peduli dan terus melakukan perbaikan tiada henti, serta inovasi demi masa depan yang lebih cerah.",transparency and accountability,Transparency and Accountability,G,positive,action,0.9
506,We are committed to transparency in our reporting.,transparency in reporting,Transparency in Reporting,G,positive,commitment,0.95
471,"To mitigate this uncertainty, we developed HP-specific tools that use a combination of HP process and product data as well as high-quality LCA data.",uncertainty mitigation methods,"Mitigating uncertainty, Mitigating uncertainty with HP-specific tools",E-G,positive,action,0.8
106,"Additionally, this report reflects BRI's commitment to integrating the Ten Principles of the UN Global Compact (UNGC) and supporting the achievement of the Sustainable Development Goals (SDGs) in relevant aspects.",ungc and sdgs commitment,UNGC and SDGs commitment,E-S-G,positive,commitment,0.9
125,"At the same time, we are transforming our value chain to embed sustainability and strengthen resilience across our global operations and supply chain.",value chain,"value chain sustainability, value chain transformation",E-S-G,positive,action,0.925
180,"Drive resilience, responsibility, and sustainability across the value chain",value chain,Value Chain Sustainability,E-S-G,positive,commitment,0.88
489,Verification was conducted through sampling documentation evidence and obtaining confirmations from relevant work units.,verification process,Verification process,G,neutral,outcome,0.8
160,"Dari aspek lingkungan, kami telah menjalankan beberapa inisiatif untuk mengurangi jejak lingkungan kami, salah satunya adalah melakukan peremajaan battery pada menara BTS Hotel dari jenis VRLA menjadi lithium yang memiliki daya tahan lebih panjang sehingga mengurangi limbah sampah.",waste management,Waste Management,E,positive,action,0.9
486,Upaya Mengakhiri Limbah Plastik,waste management,Waste Management,E,positive,commitment,0.9
526,We are working to reduce waste and promote recycling.,waste reduction and recycling,Waste Reduction and Recycling,E,positive,action,0.9
389,"Selain itu, kami berhasil menurunkan timbulan limbah cair sebesar 31,41% berkat inovasi daur ulang air dan optimasi proses produksi.",waste water reduction,Waste Water Reduction,E,positive,outcome,0.92
275,"Kami telah berhasil membangun delapan dari sembilan fasilitas daur ulang air pada tahun 2023, sebagai bentuk komitmen Sustainability-Linked Bond kami.",water stewardship,"Water Management, water recycling",E,positive,outcome,0.8966666667
257,"Kami berhasil menurunkan timbulan limbah cair sebesar 31,41% berkat inovasi daur ulang air dan optimasi proses produksi.",water stewardship,water management,E,positive,outcome,0.94
522,We are reducing water usage in our manufacturing processes.,water usage reduction,Water usage reduction,E,positive,action,0.86
400,Setiap pelapor akan dijamin kerahasiaan datanya dan tidak akan dikenai sanksi apapun atas pelaporan tersebut.,whistleblower protection,whistleblower protection,G,positive,commitment,0.9
200,"FKS Group telah meluncurkan mekanisme whistleblowing system dalam program FKS SpeakUp, dimana setiap karyawan dapat menyampaikan dugaan dan laporan atas adanya indikasi penyimpangan terhadap praktik bisnis atau berbagai pelanggaran etika di lingkungan Perusahaan.",whistleblowing system,whistleblowing system,G,positive,action,0.85
474,"To strengthen our governance, FKS Group has launched a whistleblowing system mechanism in the FKS SpeakUp program, where employees can raise concerns and reports any indication of deviant business practices or various ethical violations within the Company.",whistleblowing system,whistleblowing system,G,positive,action,0.85
505,We are committed to taking collective action to protect workers in our global supply chain from exposure to hazardous process chemicals—as one of three initial Founding Signatories of Clean Electronics Production Network's (CEPN) Toward Zero Exposure program.,worker safety and protection,"Worker Protection, supply chain worker safety",S-G,positive,commitment,0.95
454,This work is essential to unlocking opportunity for future generations and creating a workforce ready for what's next.,workforce development,"workforce development, workforce readiness",S,positive,outcome,0.9
540,We have a diverse and inclusive workforce.,workforce diversity and inclusion,Workforce Diversity and Inclusion,S,positive,outcome,0.85
240,"In order to create a safe, secure, and comfortable working environment, the company makes sure that all business operations adhere to safety regulations and consistently identifies hazards and evaluates risks that could have an impact on potential work accidents.",workplace safety,workplace safety,S-G,positive,action,0.85
484,"Untuk mewujudkan lingkungan kerja yang sehat, aman, dan nyaman, Perusahaan memastikan kegiatan usaha yang dijalankan memenuhi standar keamanan dan secara konsisten mengidentifikasi bahaya serta mengevaluasi risiko yang dapat berdampak pada potensi kecelakaan kerja.",workplace safety,workplace safety,S-G,positive,action,0.85
487,Upaya Menuju Nol Emisi,zero emissions target,zero emissions target,E,positive,commitment,0.8